Id,ActivityDate,TotalSteps,TotalDistance,VeryActiveDistance,ModeratelyActiveDistance,LightActiveDistance,VeryActiveMinutes,FairlyActiveMinutes,LightlyActiveMinutes,SedentaryMinutes,Calories
1503960366,2016-05-12,0,0.0,0.0,0.0,0.0,0,0,0,1440,0
1624580081,2016-05-12,2971,1.92999994754791,0.0,0.0,1.91999995708466,0,0,107,890,1002
1844505072,2016-05-12,0,0.0,0.0,0.0,0.0,0,0,0,711,665
1927972279,2016-05-12,0,0.0,0.0,0.0,0.0,0,0,0,966,1383
2022484408,2016-05-12,9117,6.40999984741211,1.27999997138977,0.670000016689301,4.44000005722046,16,16,236,728,1853
2026352035,2016-05-12,8891,5.51000022888184,0.0,0.0,5.51000022888184,0,0,343,330,1364
2320127002,2016-05-12,2661,1.78999996185303,0.0,0.0,1.78999996185303,0,0,128,830,1125
2873212765,2016-05-12,7566,5.1100001335144,0.0,0.0,5.1100001335144,0,0,268,720,1431
4020332650,2016-05-12,590,0.419999986886978,0.0,0.0,0.409999996423721,0,0,21,721,1120
4319703577,2016-05-12,17,0.00999999977648258,0.0,0.0,0.00999999977648258,0,0,2,0,257
4388161847,2016-05-12,3369,2.58999991416931,0.0,0.0,2.58999991416931,0,0,108,825,1623
4445114986,2016-05-12,768,0.519999980926514,0.0,0.0,0.519999980926514,0,0,58,380,1212
4558609924,2016-05-12,6307,4.17000007629395,0.0,0.0,4.17000007629395,0,0,247,736,1452
4702921684,2016-05-12,2752,2.23000001907349,0.0,0.0,2.23000001907349,0,0,68,241,1240
5553957443,2016-05-12,3121,2.03999996185303,0.579999983310699,0.400000005960464,1.05999994277954,8,6,48,222,741
6962181067,2016-05-12,3587,2.36999988555908,0.0,0.25,2.10999989509583,0,8,105,127,928
7086361926,2016-05-12,3789,2.55999994277954,0.379999995231628,0.270000010728836,1.88999998569489,5,4,58,343,1199
8053475328,2016-05-12,4998,3.91000008583069,2.95000004768372,0.200000002980232,0.759999990463257,28,4,39,839,1505
8378563200,2016-05-12,4561,3.61999988555908,0.649999976158142,0.270000010728836,2.69000005722046,8,6,102,433,1976
8583815059,2016-05-12,0,0.0,0.0,0.0,0.0,0,0,0,1440,0
8877689391,2016-05-12,8064,6.11999988555908,1.82000005245209,0.0399999991059303,4.25,23,1,137,770,1849
1503960366,2016-05-11,12770,8.13000011444092,2.55999994277954,1.00999999046326,4.55000019073486,36,23,251,669,1783
1624580081,2016-05-11,3134,2.03999996185303,0.0,0.0,2.03999996185303,0,0,112,1328,1359
1644430081,2016-05-11,1329,0.970000028610229,0.0,0.0,0.949999988079071,0,0,49,713,1276
1844505072,2016-05-11,0,0.0,0.0,0.0,0.0,0,0,0,1440,1347
1927972279,2016-05-11,0,0.0,0.0,0.0,0.0,0,0,0,1440,2063
2022484408,2016-05-11,13272,9.31999969482422,4.17999982833862,1.14999997615814,3.99000000953674,58,25,224,1133,2544
2026352035,2016-05-11,8580,5.32000017166138,0.0,0.0,5.32000017166138,0,0,330,569,1698
2320127002,2016-05-11,6424,4.32999992370605,0.0,0.0,4.32999992370605,0,0,300,1140,1903
2873212765,2016-05-11,6440,4.32999992370605,0.0,0.0,4.32000017166138,0,0,319,1121,1826
3977333714,2016-05-11,746,0.5,0.370000004768372,0.0,0.129999995231628,4,0,9,13,52
4020332650,2016-05-11,3689,2.65000009536743,0.109999999403954,0.170000001788139,2.32999992370605,2,8,134,1296,2645
4319703577,2016-05-11,9129,6.13000011444092,0.200000002980232,0.740000009536743,5.17999982833862,3,18,311,574,2232
4388161847,2016-05-11,10201,7.84000015258789,0.529999971389771,0.790000021457672,6.53000020980835,8,18,256,858,2954
4445114986,2016-05-11,9105,6.1100001335144,2.25,1.0,2.85999989509583,34,22,232,622,2499
4558609924,2016-05-11,9108,6.01999998092651,0.259999990463257,1.82000005245209,3.94000005722046,4,31,324,1081,2131
4702921684,2016-05-11,9810,7.96000003814697,0.779999971389771,2.16000008583069,4.98000001907349,10,41,235,784,3069
5553957443,2016-05-11,4926,3.22000002861023,0.0,0.0,3.22000002861023,0,0,195,628,1693
5577150313,2016-05-11,4038,3.03999996185303,1.83000004291534,0.300000011920929,0.889999985694885,45,15,63,257,1665
6962181067,2016-05-11,6722,4.44000005722046,1.49000000953674,0.310000002384186,2.65000009536743,24,7,199,709,1855
7086361926,2016-05-11,9572,6.51999998092651,2.89000010490417,1.38999998569489,2.23000001907349,57,40,128,757,2735
8053475328,2016-05-11,12209,9.39999961853027,6.07999992370605,0.280000001192093,3.03999996185303,60,7,184,1189,2809
8378563200,2016-05-11,9143,7.25,1.38999998569489,0.589999973773956,5.26999998092651,72,10,184,763,3788
8583815059,2016-05-11,8701,6.78999996185303,0.370000004768372,3.24000000953674,3.17000007629395,5,71,177,1106,2804
8877689391,2016-05-11,21420,19.5599994659424,13.2200002670288,0.409999996423721,5.8899998664856,88,12,213,1127,3832
1503960366,2016-05-10,12207,7.76999998092651,3.34999990463257,1.1599999666214,3.25999999046326,46,31,214,746,1859
1624580081,2016-05-10,2969,1.92999994754791,0.0,0.0,1.91999995708466,0,0,139,1301,1393
1644430081,2016-05-10,9167,6.65999984741211,0.879999995231628,0.810000002384186,4.96999979019165,12,19,155,1254,2799
1844505072,2016-05-10,0,0.0,0.0,0.0,0.0,0,0,0,1440,1347
1927972279,2016-05-10,0,0.0,0.0,0.0,0.0,0,0,0,1440,2063
2022484408,2016-05-10,12798,8.97999954223633,2.22000002861023,1.21000003814697,5.55999994277954,57,28,271,1084,2797
2026352035,2016-05-10,254,0.159999996423721,0.0,0.0,0.159999996423721,0,0,17,1002,1141
2320127002,2016-05-10,6227,4.19999980926514,0.0,0.0,4.19999980926514,0,0,290,1150,1899
2873212765,2016-05-10,8275,5.55999994277954,0.0,0.0,5.55000019073486,0,0,373,1067,1962
3977333714,2016-05-10,13072,8.77999973297119,0.0700000002980232,5.40000009536743,3.30999994277954,1,115,196,676,1630
4020332650,2016-05-10,5546,3.98000001907349,0.0,0.0,3.86999988555908,0,0,206,774,2926
4319703577,2016-05-10,9487,6.36999988555908,0.209999993443489,0.46000000834465,5.69999980926514,3,12,329,555,2260
4388161847,2016-05-10,10299,7.92000007629395,0.810000002384186,0.649999976158142,6.46000003814697,13,14,267,648,3061
4445114986,2016-05-10,3915,2.63000011444092,0.0,0.0,2.63000011444092,0,0,231,783,2181
4558609924,2016-05-10,6435,4.25,0.740000009536743,1.12000000476837,2.39000010490417,11,18,220,1191,1889
4702921684,2016-05-10,10613,8.60999965667725,0.0799999982118607,1.87999999523163,6.65000009536743,1,37,262,701,3172
5553957443,2016-05-10,16358,10.710000038147,3.86999988555908,1.61000001430511,5.19999980926514,61,40,265,707,2335
5577150313,2016-05-10,8869,6.65000009536743,2.55999994277954,0.75,3.34999990463257,104,37,194,639,3841
6290855005,2016-05-10,0,0.0,0.0,0.0,0.0,0,0,0,1440,0
6962181067,2016-05-10,15448,10.210000038147,3.47000002861023,1.75,4.98999977111816,62,34,275,626,2361
7086361926,2016-05-10,14433,10.789999961853,7.1100001335144,1.20000004768372,2.45000004768372,72,23,106,1182,2800
8053475328,2016-05-10,14810,11.3599996566772,9.09000015258789,0.419999986886978,1.85000002384186,96,10,115,1219,2926
8378563200,2016-05-10,6582,5.21999979019165,0.660000026226044,0.639999985694885,3.92000007629395,63,13,152,840,3586
8583815059,2016-05-10,8240,6.42999982833862,0.689999997615814,2.00999999046326,3.72000002861023,9,43,162,1226,2846
8792009665,2016-05-10,0,0.0,0.0,0.0,0.0,0,0,0,48,57
8877689391,2016-05-10,10733,8.14999961853027,1.35000002384186,0.46000000834465,6.28000020980835,18,11,224,1187,2832
1503960366,2016-05-09,12022,7.71999979019165,3.45000004768372,0.529999971389771,3.74000000953674,46,11,206,835,1819
1624580081,2016-05-09,1732,1.12999999523163,0.0,0.0,1.12999999523163,0,0,91,1349,1328
1644430081,2016-05-09,6643,4.82999992370605,2.39000010490417,0.349999994039536,2.08999991416931,32,6,303,1099,3008
1844505072,2016-05-09,0,0.0,0.0,0.0,0.0,0,0,0,1440,1347
1927972279,2016-05-09,0,0.0,0.0,0.0,0.0,0,0,0,1440,2063
2022484408,2016-05-09,13379,9.39000034332275,2.11999988555908,1.62999999523163,5.6399998664856,35,47,297,1061,2709
2026352035,2016-05-09,10685,6.61999988555908,0.0,0.0,6.59999990463257,0,0,401,543,1869
2320127002,2016-05-09,3090,2.07999992370605,0.0,0.0,2.07999992370605,0,0,145,1295,1630
2873212765,2016-05-09,7726,5.19000005722046,0.0,0.0,5.19000005722046,0,0,345,1095,1906
3977333714,2016-05-09,14687,10.0799999237061,0.769999980926514,5.59999990463257,3.54999995231628,8,122,151,1159,1667
4020332650,2016-05-09,4556,3.26999998092651,0.200000002980232,0.119999997317791,2.94000005722046,3,5,173,1225,2785
4319703577,2016-05-09,10378,6.96000003814697,0.140000000596046,0.560000002384186,6.25,2,14,374,490,2345
4388161847,2016-05-09,10218,7.8600001335144,0.340000003576279,0.730000019073486,6.78999996185303,6,19,258,1020,3013
4445114986,2016-05-09,5275,3.53999996185303,0.0,0.0,3.53999996185303,0,0,266,641,2281
4558609924,2016-05-09,11451,7.57000017166138,0.430000007152557,1.62000000476837,5.51999998092651,6,30,339,1065,2223
4702921684,2016-05-09,8232,6.67999982833862,0.0,0.569999992847443,6.09999990463257,0,12,253,746,2990
5553957443,2016-05-09,11611,7.57999992370605,2.13000011444092,0.889999985694885,4.55999994277954,59,22,251,667,2272
5577150313,2016-05-09,3421,2.55999994277954,1.42999994754791,0.140000000596046,0.990000009536743,34,11,70,1099,2489
6117666160,2016-05-09,4477,3.38000011444092,0.0,0.0,3.38000011444092,0,0,197,125,1248
6290855005,2016-05-09,6277,4.75,0.0,0.0,4.73000001907349,0,0,264,800,2175
6962181067,2016-05-09,12342,8.72000026702881,3.90000009536743,1.17999994754791,3.65000009536743,43,21,231,607,2105
7086361926,2016-05-09,13566,9.10999965667725,4.26000022888184,1.71000003814697,3.11999988555908,67,50,171,743,2960
8053475328,2016-05-09,12465,9.38000011444092,6.11999988555908,0.569999992847443,2.69000005722046,66,12,148,1214,2765
8378563200,2016-05-09,8382,6.65000009536743,1.26999998092651,0.660000026226044,4.71999979019165,71,13,171,772,3721
8583815059,2016-05-09,9877,7.69999980926514,5.76000022888184,0.170000001788139,1.73000001907349,66,4,110,1260,2947
8792009665,2016-05-09,0,0.0,0.0,0.0,0.0,0,0,0,1440,1688
8877689391,2016-05-09,20226,18.25,11.1000003814697,0.800000011920929,6.23999977111816,73,19,217,1131,3710
1503960366,2016-05-08,10060,6.57999992370605,3.52999997138977,0.319999992847443,2.73000001907349,44,8,203,574,1740
1624580081,2016-05-08,3427,2.23000001907349,0.0,0.0,2.22000002861023,0,0,152,1288,1427
1644430081,2016-05-08,6724,4.8899998664856,0.0,0.0,4.88000011444092,0,0,295,991,2987
1844505072,2016-05-08,0,0.0,0.0,0.0,0.0,0,0,0,1440,1347
1927972279,2016-05-08,0,0.0,0.0,0.0,0.0,0,0,0,1440,2063
2022484408,2016-05-08,3292,2.30999994277954,0.0,0.0,2.30999994277954,0,0,135,1305,1848
2026352035,2016-05-08,5528,3.45000004768372,0.0,0.0,3.45000004768372,0,0,258,610,1555
2320127002,2016-05-08,5161,3.48000001907349,0.0,0.0,3.47000002861023,0,0,247,1193,1821
2873212765,2016-05-08,8168,5.53999996185303,2.90000009536743,0.0,2.64000010490417,46,0,326,1068,2096
3977333714,2016-05-08,13585,9.09000015258789,0.680000007152557,5.23999977111816,3.17000007629395,9,116,171,688,1633
4020332650,2016-05-08,5862,4.19999980926514,0.0,0.0,4.15000009536743,0,0,263,775,3089
4319703577,2016-05-08,3672,2.46000003814697,0.0,0.0,2.46000003814697,0,0,153,603,1792
4388161847,2016-05-08,17298,14.3800001144409,9.89000034332275,1.25999999046326,3.23000001907349,107,38,178,576,3934
4445114986,2016-05-08,7303,4.90000009536743,0.0,0.25,4.65000009536743,0,8,308,733,2423
4558609924,2016-05-08,6543,4.32999992370605,1.79999995231628,0.5,2.01999998092651,66,35,238,1019,2666
4702921684,2016-05-08,12857,10.4300003051758,0.680000007152557,6.21000003814697,3.53999996185303,9,125,192,1019,3287
5553957443,2016-05-08,6083,4.0,0.219999998807907,0.469999998807907,3.29999995231628,3,8,210,505,1762
5577150313,2016-05-08,0,0.0,0.0,0.0,0.0,0,0,0,1440,1819
6117666160,2016-05-08,7328,5.53000020980835,0.0,0.0,5.53000020980835,0,0,318,517,2250
6290855005,2016-05-08,7706,5.82999992370605,0.0,0.0,5.82000017166138,0,0,251,1189,2712
6962181067,2016-05-08,4188,2.76999998092651,0.0,0.519999980926514,2.25,0,14,151,709,1659
7086361926,2016-05-08,10677,7.09999990463257,2.30999994277954,1.52999997138977,3.25,32,27,147,695,2534
8053475328,2016-05-08,22026,17.6499996185303,13.3999996185303,0.589999973773956,3.66000008583069,125,14,228,1073,3589
8378563200,2016-05-08,2943,2.32999992370605,0.0,0.0,2.32999992370605,0,0,139,621,2685
8583815059,2016-05-08,9217,7.19000005722046,0.219999998807907,3.30999994277954,3.66000008583069,3,72,182,1183,2940
8792009665,2016-05-08,0,0.0,0.0,0.0,0.0,0,0,0,1440,1688
8877689391,2016-05-08,10686,8.10999965667725,1.08000004291534,0.200000002980232,6.80000019073486,17,4,245,1174,2847
1503960366,2016-05-07,11992,7.71000003814697,2.46000003814697,2.11999988555908,3.13000011444092,37,46,175,833,1821
1624580081,2016-05-07,2104,1.37000000476837,0.0,0.0,1.37000000476837,0,0,182,1258,1474
1644430081,2016-05-07,13372,9.72000026702881,3.25999999046326,0.790000021457672,5.67000007629395,41,17,243,1139,3404
1844505072,2016-05-07,0,0.0,0.0,0.0,0.0,0,0,0,1440,1347
1927972279,2016-05-07,1510,1.03999996185303,0.0,0.0,1.03999996185303,0,0,48,1392,2229
2022484408,2016-05-07,6708,4.71000003814697,1.61000001430511,0.0799999982118607,3.01999998092651,20,2,149,1269,1995
2026352035,2016-05-07,4193,2.59999990463257,0.0,0.0,2.59999990463257,0,0,229,665,1491
2320127002,2016-05-07,7379,4.96999979019165,0.0,0.0,4.96999979019165,0,0,319,1121,1972
2873212765,2016-05-07,4940,3.38000011444092,2.27999997138977,0.550000011920929,0.550000011920929,75,11,52,1302,1897
3977333714,2016-05-07,11550,7.73000001907349,0.0,4.13000011444092,3.58999991416931,0,86,208,703,1574
4020332650,2016-05-07,6132,4.40000009536743,0.0,0.0,3.57999992370605,0,0,184,1256,2975
4319703577,2016-05-07,7937,5.32999992370605,0.189999997615814,1.04999995231628,4.07999992370605,3,28,279,586,2158
4388161847,2016-05-07,22770,17.5400009155273,9.44999980926514,2.76999998092651,5.32999992370605,120,56,260,508,4022
4445114986,2016-05-07,5183,3.58999991416931,2.13000011444092,0.189999997615814,1.25,26,4,108,866,2123
4558609924,2016-05-07,8237,5.44000005722046,1.61000001430511,1.0,2.82999992370605,23,16,233,1116,1973
4702921684,2016-05-07,14370,11.6499996185303,0.370000004768372,2.30999994277954,8.97000026702881,5,46,439,577,3683
5553957443,2016-05-07,1868,1.22000002861023,0.0,0.0,1.22000002861023,0,0,96,902,1494
5577150313,2016-05-07,0,0.0,0.0,0.0,0.0,0,0,0,1440,1819
6117666160,2016-05-07,7336,5.53999996185303,0.0,0.0,5.53999996185303,0,0,412,456,2469
6290855005,2016-05-07,5510,4.17000007629395,0.0,0.0,4.15999984741211,0,0,227,1213,2613
6775888955,2016-05-07,1967,1.4099999666214,0.129999995231628,0.239999994635582,1.04999995231628,2,5,49,551,1032
6962181067,2016-05-07,6815,4.5,0.0,0.0,4.5,0,0,328,745,1947
7007744171,2016-05-07,0,0.0,0.0,0.0,0.0,0,0,0,111,120
7086361926,2016-05-07,12827,8.47999954223633,1.46000003814697,2.32999992370605,4.67999982833862,20,42,209,621,2739
8053475328,2016-05-07,19769,15.6700000762939,12.4399995803833,0.879999995231628,2.34999990463257,121,20,148,1076,3331
8378563200,2016-05-07,4468,3.53999996185303,0.0,0.0,3.53999996185303,0,0,158,851,2799
8583815059,2016-05-07,6117,4.76999998092651,0.0,0.0,4.76999998092651,0,0,250,1190,2810
8792009665,2016-05-07,0,0.0,0.0,0.0,0.0,0,0,0,1440,1688
8877689391,2016-05-07,12332,8.13000011444092,0.0799999982118607,0.959999978542328,6.98999977111816,105,28,271,1036,4142
1503960366,2016-05-06,12159,8.02999973297119,1.97000002861023,0.25,5.80999994277954,24,6,289,754,1896
1624580081,2016-05-06,1727,1.12000000476837,0.0,0.0,1.12000000476837,0,0,102,1338,1341
1644430081,2016-05-06,9787,7.11999988555908,0.819999992847443,0.270000010728836,6.01000022888184,11,6,369,1054,3328
1844505072,2016-05-06,44,0.0299999993294477,0.0,0.0,0.0299999993294477,0,0,2,1438,1351
1927972279,2016-05-06,2091,1.45000004768372,0.0,0.0,1.45000004768372,0,0,108,1332,2383
2022484408,2016-05-06,10227,7.17999982833862,1.87000000476837,0.670000016689301,4.6399998664856,24,17,295,1104,2498
2026352035,2016-05-06,8198,5.07999992370605,0.0,0.0,5.07999992370605,0,0,383,511,1736
2320127002,2016-05-06,4878,3.28999996185303,0.0,0.0,3.28999996185303,0,0,204,1236,1742
2873212765,2016-05-06,7063,4.75,0.0,0.119999997317791,4.6100001335144,0,5,370,1065,1910
3977333714,2016-05-06,11677,8.27999973297119,3.10999989509583,2.50999999046326,2.67000007629395,29,55,168,676,1590
4020332650,2016-05-06,4369,3.13000011444092,0.0,0.0,3.09999990463257,0,0,177,855,2704
4319703577,2016-05-06,9524,6.42000007629395,0.409999996423721,0.469999998807907,5.46000003814697,6,11,314,692,2266
4388161847,2016-05-06,13175,10.1300001144409,2.10999989509583,2.08999991416931,5.92999982833862,33,45,262,1100,3425
4445114986,2016-05-06,4514,3.02999997138977,0.0,0.0,3.02999997138977,0,0,229,809,2211
4558609924,2016-05-06,3755,2.48000001907349,0.0,0.0,2.48000001907349,0,0,202,1238,1722
4702921684,2016-05-06,6943,5.63000011444092,0.0799999982118607,0.660000026226044,4.86999988555908,1,16,207,682,2859
5553957443,2016-05-06,9632,6.28999996185303,1.51999998092651,0.540000021457672,4.23000001907349,21,9,229,761,1916
5577150313,2016-05-06,4950,3.70000004768372,1.92999994754791,0.319999992847443,1.45000004768372,41,16,79,1304,2643
6117666160,2016-05-06,3365,2.6800000667572,0.0,0.0,2.6800000667572,0,0,133,673,1838
6290855005,2016-05-06,6116,4.61999988555908,0.0,0.0,4.59000015258789,0,0,305,1135,2806
6775888955,2016-05-06,4697,3.36999988555908,0.469999998807907,0.930000007152557,1.92999994754791,12,35,75,1318,2496
6962181067,2016-05-06,5908,3.91000008583069,0.0,0.0,3.91000008583069,0,0,299,717,1850
7007744171,2016-05-06,11459,7.67000007629395,3.0,0.810000002384186,3.85999989509583,44,13,247,1136,2553
7086361926,2016-05-06,12461,8.38000011444092,3.8199999332428,1.42999994754791,3.11999988555908,84,35,154,834,2924
8053475328,2016-05-06,13953,11.0,9.10000038146973,0.689999997615814,1.21000003814697,90,15,90,1245,2859
8378563200,2016-05-06,7045,5.59000015258789,1.54999995231628,0.25,3.77999997138977,74,5,166,831,3644
8583815059,2016-05-06,5843,4.55999994277954,0.140000000596046,1.19000005722046,3.23000001907349,2,22,166,1250,2683
8792009665,2016-05-06,0,0.0,0.0,0.0,0.0,0,0,0,1440,1688
8877689391,2016-05-06,21727,19.3400001525879,12.789999961853,0.28999999165535,6.15999984741211,96,17,232,1095,4015
1503960366,2016-05-05,14070,8.89999961853027,2.92000007629395,1.08000004291534,4.88000011444092,45,24,250,857,1959
1624580081,2016-05-05,2470,1.61000001430511,0.0,0.0,1.58000004291534,0,0,117,1323,1370
1644430081,2016-05-05,4363,3.19000005722046,0.519999980926514,0.540000021457672,2.13000011444092,6,12,81,1341,2463
1844505072,2016-05-05,2237,1.48000001907349,0.0,0.0,1.48000001907349,0,0,120,1320,1589
1927972279,2016-05-05,0,0.0,0.0,0.0,0.0,0,0,0,1440,2063
2022484408,2016-05-05,11895,8.35000038146973,2.78999996185303,0.860000014305115,4.69999980926514,55,20,253,1112,2609
2026352035,2016-05-05,12167,7.53999996185303,0.0,0.0,7.53999996185303,0,0,475,479,1926
2320127002,2016-05-05,5202,3.50999999046326,0.0,0.389999985694885,3.10999989509583,0,11,223,1206,1780
2873212765,2016-05-05,8314,5.6100001335144,0.779999971389771,0.800000011920929,4.03000020980835,13,23,311,1093,1971
3977333714,2016-05-05,12312,8.57999992370605,1.75999999046326,4.1100001335144,2.71000003814697,14,88,178,680,1618
4020332650,2016-05-05,11728,8.43000030517578,2.61999988555908,1.67999994754791,4.03999996185303,38,42,196,916,3429
4319703577,2016-05-05,13658,9.48999977111816,2.63000011444092,1.4099999666214,5.44999980926514,27,34,328,957,2530
4388161847,2016-05-05,9603,7.38000011444092,0.629999995231628,1.66999995708466,5.09000015258789,12,39,199,896,2899
4445114986,2016-05-05,3800,2.54999995231628,0.119999997317791,0.239999994635582,2.1800000667572,2,6,185,734,2120
4558609924,2016-05-05,10611,7.01000022888184,1.00999999046326,0.5,5.51000022888184,14,8,370,1048,2262
4702921684,2016-05-05,8614,6.98999977111816,0.670000016689301,0.219999998807907,6.09000015258789,8,5,241,745,3006
5553957443,2016-05-05,14331,9.51000022888184,3.4300000667572,1.6599999666214,4.42999982833862,44,29,241,692,2156
5577150313,2016-05-05,7550,5.6399998664856,2.5,0.469999998807907,2.67000007629395,45,21,143,1153,3004
6117666160,2016-05-05,9799,7.40000009536743,0.0,0.0,7.40000009536743,0,0,487,479,2636
6290855005,2016-05-05,6339,4.78999996185303,0.0,0.0,4.78999996185303,0,0,239,1201,2682
6775888955,2016-05-05,0,0.0,0.0,0.0,0.0,0,0,0,1440,1841
6962181067,2016-05-05,10524,6.96000003814697,0.990000009536743,1.1599999666214,4.80999994277954,14,22,305,591,2066
7007744171,2016-05-05,15010,11.1000003814697,4.32999992370605,1.28999996185303,5.48000001907349,53,23,317,1047,2933
7086361926,2016-05-05,8564,5.59999990463257,1.77999997138977,0.829999983310699,2.95000004768372,24,14,149,1253,2386
8053475328,2016-05-05,14990,11.5100002288818,8.85000038146973,0.449999988079071,2.21000003814697,93,9,130,1208,2950
8378563200,2016-05-05,8567,6.78999996185303,0.889999985694885,0.159999996423721,5.73999977111816,66,3,214,764,3783
8583815059,2016-05-05,12427,9.6899995803833,0.0,0.0,1.17999994754791,0,0,70,1370,3266
8792009665,2016-05-05,0,0.0,0.0,0.0,0.0,0,0,0,1440,1688
8877689391,2016-05-05,14055,10.6700000762939,5.46000003814697,0.819999992847443,4.36999988555908,67,15,188,1170,3052
1503960366,2016-05-04,11100,7.15000009536743,2.46000003814697,0.870000004768372,3.8199999332428,36,22,203,1179,1819
1624580081,2016-05-04,2193,1.42999994754791,0.0,0.0,1.41999995708466,0,0,118,1322,1368
1644430081,2016-05-04,2309,1.67999994754791,0.0,0.0,1.6599999666214,0,0,52,1388,2222
1844505072,2016-05-04,2080,1.37000000476837,0.0,0.0,1.37000000476837,0,0,87,1353,1549
1927972279,2016-05-04,1786,1.24000000953674,0.0,0.0,1.24000000953674,0,0,87,1353,2338
2022484408,2016-05-04,11768,8.28999996185303,2.50999999046326,0.930000007152557,4.84999990463257,36,27,272,1105,2649
2026352035,2016-05-04,6564,4.07000017166138,0.0,0.0,4.07000017166138,0,0,345,530,1658
2320127002,2016-05-04,1201,0.810000002384186,0.0,0.0,0.810000002384186,0,0,52,1388,1426
2873212765,2016-05-04,8278,5.55999994277954,0.0,0.0,5.55999994277954,0,0,420,1020,2015
3977333714,2016-05-04,13559,9.4399995803833,1.80999994277954,4.57999992370605,2.89000010490417,14,96,142,852,1628
4020332650,2016-05-04,10252,7.34999990463257,0.670000016689301,1.03999996185303,5.57999992370605,13,46,346,531,3879
4319703577,2016-05-04,10429,7.01999998092651,0.589999973773956,0.579999983310699,5.84999990463257,8,13,313,1106,2282
4388161847,2016-05-04,12375,9.52000045776367,2.78999996185303,0.930000007152557,5.80000019073486,35,21,251,632,3162
4445114986,2016-05-04,2923,1.96000003814697,0.0,0.0,1.96000003814697,0,0,180,897,2070
4558609924,2016-05-04,5232,3.46000003814697,0.0,0.0,3.46000003814697,0,0,252,1188,1842
4702921684,2016-05-04,8161,6.61999988555908,0.340000003576279,0.730000019073486,5.53999996185303,4,15,251,757,3004
5553957443,2016-05-04,4249,2.76999998092651,0.0,0.0,2.76999998092651,0,0,224,651,1698
5577150313,2016-05-04,5206,3.89000010490417,1.55999994277954,0.25,2.07999992370605,25,9,141,631,2755
6117666160,2016-05-04,2997,2.25999999046326,0.0,0.0,2.25999999046326,0,0,156,1279,1902
6290855005,2016-05-04,5832,4.40999984741211,0.0,0.0,4.40000009536743,0,0,272,1168,2718
6775888955,2016-05-04,0,0.0,0.0,0.0,0.0,0,0,0,1440,1841
6962181067,2016-05-04,10147,6.71000003814697,0.469999998807907,1.67999994754791,4.55000019073486,15,36,284,683,2086
7007744171,2016-05-04,0,0.0,0.0,0.0,0.0,0,0,0,1440,1557
7086361926,2016-05-04,10988,8.3100004196167,5.28000020980835,0.119999997317791,2.90000009536743,45,12,135,843,2655
8053475328,2016-05-04,14581,11.1499996185303,8.81999969482422,0.400000005960464,1.9099999666214,89,8,123,1220,2918
8378563200,2016-05-04,7875,6.23999977111816,1.55999994277954,0.490000009536743,4.19999980926514,19,10,167,680,3110
8583815059,2016-05-04,3588,2.79999995231628,0.0,0.0,0.0,0,0,0,1440,2516
8792009665,2016-05-04,2283,1.46000003814697,0.0,0.0,1.46000003814697,0,0,129,848,2067
8877689391,2016-05-04,18193,16.2999992370605,10.4200000762939,0.310000002384186,5.53000020980835,66,8,212,1154,3477
1503960366,2016-05-03,15103,9.65999984741211,3.73000001907349,1.04999995231628,4.88000011444092,50,24,254,816,1990
1624580081,2016-05-03,2100,1.37000000476837,0.0,0.0,1.3400000333786,0,0,96,1344,1334
1644430081,2016-05-03,12850,9.34000015258789,0.720000028610229,4.09000015258789,4.53999996185303,10,94,221,1115,3324
1844505072,2016-05-03,4059,2.6800000667572,0.0,0.0,2.6800000667572,0,0,184,1256,1742
1927972279,2016-05-03,1326,0.920000016689301,0.730000019073486,0.0,0.180000007152557,10,0,17,1413,2195
2022484408,2016-05-03,12183,8.73999977111816,3.99000000953674,0.46000000834465,4.28000020980835,72,14,250,1104,2752
2026352035,2016-05-03,5992,3.72000002861023,0.0,0.0,3.72000002861023,0,0,304,981,1604
2320127002,2016-05-03,7443,5.01999998092651,1.49000000953674,0.370000004768372,3.16000008583069,20,10,206,1204,1878
2873212765,2016-05-03,7412,4.98000001907349,0.0599999986588955,0.25,4.65999984741211,1,6,363,1070,1906
3977333714,2016-05-03,14335,9.59000015258789,3.3199999332428,1.74000000953674,4.53000020980835,47,41,258,594,1710
4020332650,2016-05-03,4496,3.22000002861023,0.0,0.0,3.15000009536743,0,0,174,950,2828
4319703577,2016-05-03,9648,6.46999979019165,0.579999983310699,1.07000005245209,4.82999992370605,8,26,287,669,2235
4388161847,2016-05-03,12727,9.78999996185303,1.12999999523163,0.779999971389771,7.88000011444092,18,18,306,984,3290
4445114986,2016-05-03,7502,5.17999982833862,2.48000001907349,0.109999999403954,2.57999992370605,30,2,233,725,2421
4558609924,2016-05-03,5267,3.48000001907349,0.600000023841858,0.280000001192093,2.59999990463257,21,10,237,1172,1953
4702921684,2016-05-03,9454,7.67000007629395,0.0,0.0,7.67000007629395,0,0,313,729,3145
5553957443,2016-05-03,12848,8.39000034332275,1.5,1.20000004768372,5.67999982833862,26,29,247,812,2116
5577150313,2016-05-03,11045,8.25,4.51999998092651,0.150000005960464,3.5699999332428,97,8,212,580,3795
6117666160,2016-05-03,0,0.0,0.0,0.0,0.0,0,0,0,1440,1496
6290855005,2016-05-03,6047,4.57000017166138,0.0,0.0,4.57000017166138,0,0,240,1200,2671
6775888955,2016-05-03,9,0.00999999977648258,0.0,0.0,0.00999999977648258,0,0,1,1439,1843
6962181067,2016-05-03,12109,8.11999988555908,1.74000000953674,2.03999996185303,4.32999992370605,21,36,267,654,2072
7007744171,2016-05-03,14510,10.8699998855591,4.48000001907349,1.01999998092651,5.3600001335144,58,31,330,1021,2976
7086361926,2016-05-03,10288,6.76000022888184,2.74000000953674,0.850000023841858,3.16000008583069,57,36,152,761,2754
8053475328,2016-05-03,15484,11.8999996185303,8.39000034332275,0.930000007152557,2.58999991416931,87,22,165,1166,3023
8378563200,2016-05-03,8712,6.90999984741211,1.3400000333786,1.05999994277954,4.5,71,20,195,822,3784
8583815059,2016-05-03,12015,9.36999988555908,0.0,0.0,0.0,0,0,0,1440,3212
8792009665,2016-05-03,2421,1.54999995231628,0.0,0.0,1.54999995231628,0,0,156,739,2297
8877689391,2016-05-03,10818,8.21000003814697,1.38999998569489,0.100000001490116,6.67000007629395,19,3,229,1189,2817
1503960366,2016-05-02,14727,9.71000003814697,3.21000003814697,0.569999992847443,5.92000007629395,41,15,277,798,2004
1624580081,2016-05-02,7155,4.92999982833862,0.860000014305115,0.589999973773956,3.47000002861023,7,6,166,1261,1497
1644430081,2016-05-02,3758,2.73000001907349,0.0700000002980232,0.310000002384186,2.34999990463257,1,7,148,682,2580
1844505072,2016-05-02,0,0.0,0.0,0.0,0.0,0,0,0,1440,1348
1927972279,2016-05-02,3790,2.61999988555908,1.1599999666214,0.300000011920929,1.1599999666214,16,8,94,1322,2505
2022484408,2016-05-02,10379,7.28999996185303,2.60999989509583,0.340000003576279,4.32999992370605,36,8,277,1119,2473
2026352035,2016-05-02,7018,4.34999990463257,0.0,0.0,4.34999990463257,0,0,355,716,1690
2320127002,2016-05-02,3634,2.45000004768372,0.360000014305115,0.209999993443489,1.87999999523163,5,6,123,1306,1613
2873212765,2016-05-02,7525,5.05999994277954,0.0,0.209999993443489,4.82999992370605,0,7,334,1099,1878
3977333714,2016-05-02,16520,11.0500001907349,1.53999996185303,6.48000001907349,3.01999998092651,24,143,176,713,1760
4020332650,2016-05-02,475,0.340000003576279,0.0,0.0399999991059303,0.28999999165535,0,11,31,1350,2207
4319703577,2016-05-02,9261,6.23999977111816,0.0,0.439999997615814,5.71000003814697,0,11,344,585,2270
4388161847,2016-05-02,10096,8.39999961853027,3.76999998092651,0.0799999982118607,4.55000019073486,33,4,204,935,3147
4445114986,2016-05-02,6910,4.75,2.21000003814697,0.189999997615814,2.34999990463257,27,4,200,667,2336
4558609924,2016-05-02,7891,5.21999979019165,0.0,0.0,5.21999979019165,0,0,383,1057,2066
4702921684,2016-05-02,7245,5.92000007629395,0.379999995231628,1.74000000953674,3.75999999046326,5,40,195,1131,2859
5553957443,2016-05-02,9769,6.38000011444092,1.05999994277954,0.409999996423721,4.90000009536743,23,9,227,724,1996
5577150313,2016-05-02,7439,5.55999994277954,1.12000000476837,0.349999994039536,4.07000017166138,37,20,235,732,3014
6117666160,2016-05-02,4933,3.73000001907349,0.0,0.0,3.73000001907349,0,0,236,1204,2044
6290855005,2016-05-02,6781,5.13000011444092,0.0,0.0,5.1100001335144,0,0,268,1172,2725
6775888955,2016-05-02,0,0.0,0.0,0.0,0.0,0,0,0,1440,1841
6962181067,2016-05-02,12912,8.53999996185303,1.20000004768372,2.0,5.34000015258789,18,39,313,655,2162
7007744171,2016-05-02,13041,9.18000030517578,4.6399998664856,0.699999988079071,3.82999992370605,64,14,250,1112,2642
7086361926,2016-05-02,10052,6.80999994277954,3.48000001907349,0.660000026226044,2.66000008583069,66,26,139,737,2754
8053475328,2016-05-02,1969,1.42999994754791,0.0,0.0,1.42999994754791,0,0,95,1345,1988
8378563200,2016-05-02,6064,4.80999994277954,0.629999995231628,0.170000001788139,4.01000022888184,63,4,142,802,3491
8583815059,2016-05-02,8469,6.6100001335144,0.0,0.0,0.0,0,0,0,1440,2894
8792009665,2016-05-02,1831,1.16999995708466,0.0,0.0,1.16999995708466,0,0,101,916,2015
8877689391,2016-05-02,4790,3.64000010490417,0.0,0.0,3.55999994277954,0,0,105,1335,2189
1503960366,2016-05-01,10602,6.80999994277954,2.28999996185303,1.60000002384186,2.92000007629395,33,35,246,730,1820
1624580081,2016-05-01,36019,28.0300006866455,21.9200000762939,4.19000005722046,1.9099999666214,186,63,171,1020,2690
1644430081,2016-05-01,6132,4.46000003814697,0.239999994635582,0.990000009536743,3.23000001907349,3,24,146,908,2696
1844505072,2016-05-01,2573,1.70000004768372,0.0,0.259999990463257,1.45000004768372,0,7,75,585,1541
1927972279,2016-05-01,2704,1.87000000476837,1.00999999046326,0.0299999993294477,0.829999983310699,14,1,70,1355,2411
2022484408,2016-05-01,10538,7.40000009536743,1.94000005722046,0.959999978542328,4.5,25,28,245,1142,2380
2026352035,2016-05-01,3609,2.27999997138977,0.0,0.0,2.27999997138977,0,0,191,716,1447
2320127002,2016-05-01,772,0.519999980926514,0.0,0.0,0.519999980926514,0,0,40,1400,1403
2873212765,2016-05-01,7399,4.96999979019165,0.490000009536743,1.03999996185303,3.44000005722046,7,18,196,1219,1739
3372868164,2016-05-01,3077,2.09999990463257,0.0,0.0,2.08999991416931,0,0,172,842,1237
3977333714,2016-05-01,10414,7.07000017166138,2.67000007629395,1.98000001907349,2.41000008583069,41,40,124,691,1501
4020332650,2016-05-01,0,0.0,0.0,0.0,0.0,0,0,0,1440,1980
4319703577,2016-05-01,1251,0.839999973773956,0.0,0.0,0.839999973773956,0,0,67,836,1593
4388161847,2016-05-01,10255,7.8899998664856,1.00999999046326,0.680000007152557,6.19999980926514,12,15,241,579,2926
4445114986,2016-05-01,5232,3.50999999046326,0.0,0.0,3.50999999046326,0,0,240,741,2246
4558609924,2016-05-01,3428,2.26999998092651,0.0,0.0,2.26999998092651,0,0,190,1121,1692
4702921684,2016-05-01,0,0.0,0.0,0.0,0.0,0,0,0,1440,2017
5553957443,2016-05-01,5164,3.36999988555908,0.0,0.0,3.36999988555908,0,0,237,436,1747
5577150313,2016-05-01,13368,9.98999977111816,5.30999994277954,1.44000005722046,3.24000000953674,194,72,178,499,4546
6117666160,2016-05-01,8915,6.73000001907349,0.0,0.0,6.73000001907349,0,0,397,525,2361
6290855005,2016-05-01,9837,7.44000005722046,0.660000026226044,2.75,4.0,8,95,282,1055,3327
6775888955,2016-05-01,2487,1.77999997138977,0.479999989271164,0.620000004768372,0.680000007152557,9,34,50,1347,2319
6962181067,2016-05-01,5454,3.60999989509583,0.0,0.0,3.60999989509583,0,0,215,722,1740
7007744171,2016-05-01,5600,3.75,0.0,0.0,3.75,0,0,237,1142,2225
7086361926,2016-05-01,12390,8.06999969482422,2.29999995231628,0.899999976158142,4.84999990463257,30,15,258,685,2730
8053475328,2016-05-01,1170,0.850000023841858,0.0,0.0,0.850000023841858,0,0,51,1389,1886
8378563200,2016-05-01,11419,9.0600004196167,6.03000020980835,0.560000002384186,2.47000002861023,71,10,127,669,3369
8583815059,2016-05-01,4512,3.51999998092651,0.779999971389771,0.119999997317791,2.03999996185303,10,2,117,1311,2596
8792009665,2016-05-01,1619,1.03999996185303,0.0,0.0,1.03999996185303,0,0,79,834,1962
8877689391,2016-05-01,10930,8.31999969482422,3.13000011444092,0.569999992847443,4.57000017166138,36,12,166,1226,2786
1503960366,2016-04-30,14673,9.25,3.55999994277954,1.41999995708466,4.26999998092651,52,34,217,712,1947
1624580081,2016-04-30,6474,4.30000019073486,0.899999976158142,1.27999997138977,2.11999988555908,11,23,224,1182,1655
1644430081,2016-04-30,18213,13.2399997711182,0.629999995231628,3.14000010490417,9.46000003814697,9,71,402,816,3846
1844505072,2016-04-30,4014,2.67000007629395,0.0,0.0,2.65000009536743,0,0,184,218,1763
1927972279,2016-04-30,0,0.0,0.0,0.0,0.0,0,0,0,1440,2064
2022484408,2016-04-30,18387,12.9099998474121,0.939999997615814,1.39999997615814,10.5699996948242,13,23,361,1043,2732
2026352035,2016-04-30,4729,2.9300000667572,0.0,0.0,2.9300000667572,0,0,233,594,1506
2320127002,2016-04-30,4571,3.07999992370605,0.0,0.0,3.0699999332428,0,0,234,1206,1779
2873212765,2016-04-30,8452,5.67999982833862,0.330000013113022,1.08000004291534,4.26000022888184,5,20,248,1167,1830
3372868164,2016-04-30,5250,3.57999992370605,1.05999994277954,0.0900000035762787,2.42000007629395,17,4,300,1119,1946
3977333714,2016-04-30,13238,9.19999980926514,3.69000005722046,2.09999990463257,3.41000008583069,43,52,194,687,1650
4020332650,2016-04-30,0,0.0,0.0,0.0,0.0,0,0,0,1440,1980
4319703577,2016-04-30,8221,5.51999998092651,0.400000005960464,1.61000001430511,3.50999999046326,6,38,196,695,2092
4388161847,2016-04-30,12533,9.64000034332275,0.699999988079071,2.0,6.94000005722046,14,43,300,537,3283
4445114986,2016-04-30,6222,4.17999982833862,0.0,0.0,4.17999982833862,0,0,290,797,2363
4558609924,2016-04-30,10319,6.82000017166138,0.469999998807907,1.88999998569489,4.46000003814697,7,29,293,1111,2105
4702921684,2016-04-30,10144,8.22999954223633,0.319999992847443,2.02999997138977,5.88000011444092,4,36,263,728,3115
5553957443,2016-04-30,1202,0.779999971389771,0.0,0.0,0.779999971389771,0,0,84,506,1463
5577150313,2016-04-30,12363,9.23999977111816,5.82999992370605,0.790000021457672,2.60999989509583,207,45,163,621,4501
6117666160,2016-04-30,6987,5.28000020980835,0.0,0.0,5.28000020980835,0,0,343,1040,2275
6290855005,2016-04-30,6744,5.09999990463257,0.0,0.0,5.09000015258789,0,0,324,1116,2843
6775888955,2016-04-30,2503,1.78999996185303,0.159999996423721,0.159999996423721,1.48000001907349,3,9,84,1344,2280
6962181067,2016-04-30,10081,6.65999984741211,2.24000000953674,0.759999990463257,3.67000007629395,32,16,237,731,2002
7007744171,2016-04-30,3761,2.51999998092651,0.0,0.0,2.51999998092651,0,0,200,1240,2051
7086361926,2016-04-30,14560,9.40999984741211,3.11999988555908,1.03999996185303,5.23999977111816,42,17,308,584,2995
8053475328,2016-04-30,7135,5.59000015258789,2.99000000953674,0.0599999986588955,2.53999996185303,27,1,131,1281,2408
8253242879,2016-04-30,0,0.0,0.0,0.0,0.0,0,0,0,1440,0
8378563200,2016-04-30,2946,2.33999991416931,0.0,0.0,2.33999991416931,0,0,121,780,2660
8583815059,2016-04-30,10085,7.86999988555908,0.150000005960464,1.27999997138977,6.42999982833862,2,28,317,1093,3164
8792009665,2016-04-30,7174,4.59000015258789,0.330000013113022,0.360000014305115,3.91000008583069,10,20,301,749,2896
8877689391,2016-04-30,27745,26.7199993133545,21.6599998474121,0.0799999982118607,4.92999982833862,124,4,223,1089,4398
1503960366,2016-04-29,11181,7.15000009536743,1.05999994277954,0.5,5.57999992370605,16,12,243,815,1837
1624580081,2016-04-29,2390,1.54999995231628,0.0,0.0,1.54999995231628,0,0,150,1290,1404
1644430081,2016-04-29,3176,2.30999994277954,0.0,0.0,2.30999994277954,0,0,120,1193,2498
1844505072,2016-04-29,4920,3.25,0.0,0.0,3.25,0,0,247,1082,1856
1927972279,2016-04-29,0,0.0,0.0,0.0,0.0,0,0,0,1440,2063
2022484408,2016-04-29,10245,7.19000005722046,0.479999989271164,1.21000003814697,5.5,21,40,281,1098,2611
2026352035,2016-04-29,7604,4.71000003814697,0.0,0.0,4.71000003814697,0,0,352,492,1692
2320127002,2016-04-29,924,0.620000004768372,0.0,0.0,0.620000004768372,0,0,45,1395,1410
2347167796,2016-04-29,42,0.0299999993294477,0.0,0.0,0.0299999993294477,0,0,4,2,403
2873212765,2016-04-29,7365,4.94999980926514,1.36000001430511,1.4099999666214,2.1800000667572,20,23,206,1191,1780
3372868164,2016-04-29,9135,6.23000001907349,0.0,0.0,6.21999979019165,0,0,402,1038,2044
3977333714,2016-04-29,10645,7.75,3.74000000953674,1.29999995231628,2.71000003814697,36,32,150,744,1545
4020332650,2016-04-29,0,0.0,0.0,0.0,0.0,0,0,0,1440,1980
4319703577,2016-04-29,7990,5.3600001335144,0.449999988079071,0.790000021457672,4.11999988555908,6,18,289,624,2175
4388161847,2016-04-29,9232,7.09999990463257,0.800000011920929,0.889999985694885,5.42000007629395,13,16,236,1175,2979
4445114986,2016-04-29,4676,3.14000010490417,0.0,0.0,3.13000011444092,0,0,226,1106,2196
4558609924,2016-04-29,7833,5.17999982833862,1.01999998092651,1.85000002384186,2.30999994277954,15,29,197,1096,1918
4702921684,2016-04-29,9930,8.05000019073486,1.05999994277954,0.920000016689301,6.07000017166138,12,19,267,692,3165
5553957443,2016-04-29,12764,8.32999992370605,2.78999996185303,0.639999985694885,4.90999984741211,46,15,270,709,2169
5577150313,2016-04-29,7924,5.92000007629395,2.83999991416931,0.610000014305115,2.47000002861023,97,36,165,739,3544
6117666160,2016-04-29,9592,7.23999977111816,0.0,0.0,7.23999977111816,0,0,461,479,2560
6290855005,2016-04-29,0,0.0,0.0,0.0,0.0,0,0,0,1440,2060
6775888955,2016-04-29,0,0.0,0.0,0.0,0.0,0,0,0,1440,1841
6962181067,2016-04-29,10762,7.1100001335144,0.819999992847443,0.479999989271164,5.80999994277954,12,15,369,645,2254
7007744171,2016-04-29,20067,14.3000001907349,4.30999994277954,2.04999995231628,7.94999980926514,55,42,382,961,3180
7086361926,2016-04-29,7881,4.94999980926514,0.490000009536743,0.449999988079071,4.0,24,36,182,1198,2616
8053475328,2016-04-29,12315,9.64999961853027,6.17000007629395,0.310000002384186,3.17000007629395,58,8,159,1215,2794
8253242879,2016-04-29,6260,4.26000022888184,1.28999996185303,0.540000021457672,2.40000009536743,16,14,136,1257,1854
8378563200,2016-04-29,6175,4.90000009536743,0.25,0.360000014305115,4.26999998092651,3,7,172,767,2982
8583815059,2016-04-29,15168,11.8299999237061,3.90000009536743,3.0,4.92000007629395,46,67,258,1069,3513
8792009665,2016-04-29,8360,5.34999990463257,0.140000000596046,0.280000001192093,4.92999982833862,6,14,380,634,3101
8877689391,2016-04-29,9733,7.3899998664856,1.37999999523163,0.170000001788139,5.78999996185303,18,5,210,1207,2698
1503960366,2016-04-28,13154,8.52999973297119,3.53999996185303,1.1599999666214,3.78999996185303,48,28,189,782,1898
1624580081,2016-04-28,2759,1.78999996185303,0.0,0.200000002980232,1.60000002384186,0,5,115,1320,1401
1644430081,2016-04-28,9405,6.84000015258789,0.200000002980232,2.3199999332428,4.30999994277954,3,53,227,1157,3108
1844505072,2016-04-28,6907,4.57000017166138,0.0,0.0,4.55999994277954,0,0,302,1138,1992
1927972279,2016-04-28,1675,1.1599999666214,0.0,0.0,1.1599999666214,0,0,95,1167,2351
2022484408,2016-04-28,10140,7.11999988555908,0.409999996423721,1.33000004291534,5.3899998664856,6,20,291,1123,2296
2026352035,2016-04-28,6375,3.95000004768372,0.0,0.0,3.95000004768372,0,0,331,626,1649
2320127002,2016-04-28,1532,1.02999997138977,0.0,0.0,1.02999997138977,0,0,76,1364,1473
2347167796,2016-04-28,5439,3.59999990463257,0.0,0.0,3.59999990463257,0,0,229,764,1854
2873212765,2016-04-28,7913,5.40999984741211,2.16000008583069,0.340000003576279,2.91000008583069,28,7,213,1192,1835
3372868164,2016-04-28,5512,3.75999999046326,0.0,0.0,3.75999999046326,0,0,385,1055,1972
3977333714,2016-04-28,7114,4.88000011444092,1.37000000476837,0.28999999165535,3.22000002861023,15,8,190,804,1407
4020332650,2016-04-28,0,0.0,0.0,0.0,0.0,0,0,0,1440,1980
4319703577,2016-04-28,10817,7.28000020980835,1.00999999046326,0.330000013113022,5.94000005722046,13,8,359,552,2367
4388161847,2016-04-28,10074,7.75,1.28999996185303,0.430000007152557,6.03000020980835,19,9,234,878,2969
4445114986,2016-04-28,4493,3.00999999046326,0.0,0.0,3.00999999046326,0,0,236,762,2203
4558609924,2016-04-28,9451,6.25,0.0199999995529652,0.270000010728836,5.94999980926514,1,11,367,985,2185
4702921684,2016-04-28,9023,7.32000017166138,1.12999999523163,0.419999986886978,5.76999998092651,14,9,232,738,3033
5553957443,2016-04-28,11393,7.63000011444092,3.71000003814697,0.75,3.17000007629395,49,13,165,727,1999
5577150313,2016-04-28,9841,7.42999982833862,3.25,1.16999995708466,3.00999999046326,99,51,141,692,3580
6117666160,2016-04-28,3403,2.59999990463257,0.0,0.0,2.59999990463257,0,0,141,758,1879
6290855005,2016-04-28,5731,4.32999992370605,0.0,0.0,4.32999992370605,0,0,255,1185,2687
6775888955,2016-04-28,703,0.5,0.0599999986588955,0.200000002980232,0.239999994635582,2,13,15,1410,1993
6962181067,2016-04-28,12627,8.35000038146973,2.50999999046326,0.239999994635582,5.59000015258789,38,8,288,621,2182
7007744171,2016-04-28,15128,10.1199998855591,1.0900000333786,0.769999980926514,8.26000022888184,16,16,401,1007,2836
7086361926,2016-04-28,11584,7.80000019073486,2.78999996185303,1.63999998569489,3.35999989509583,54,48,161,810,2862
8053475328,2016-04-28,15447,12.3999996185303,9.67000007629395,0.389999985694885,2.34999990463257,90,9,153,1188,3062
8253242879,2016-04-28,2718,1.79999995231628,0.670000016689301,0.779999971389771,0.340000003576279,11,16,20,1393,1580
8378563200,2016-04-28,5417,4.30000019073486,0.899999976158142,0.490000009536743,2.91000008583069,11,10,139,711,2884
8583815059,2016-04-28,6174,4.82000017166138,0.0,1.20000004768372,3.60999989509583,0,28,203,1209,2757
8792009665,2016-04-28,6157,3.94000005722046,0.0,0.0,3.94000005722046,0,0,310,714,2780
8877689391,2016-04-28,14890,11.3000001907349,4.92999982833862,0.379999995231628,5.96999979019165,58,8,231,1143,3060
1503960366,2016-04-27,18134,12.210000038147,6.40000009536743,0.409999996423721,5.40999984741211,78,11,243,1108,2159
1624580081,2016-04-27,8367,5.44000005722046,1.11000001430511,1.87000000476837,2.46000003814697,17,36,154,1233,1670
1644430081,2016-04-27,3032,2.20000004768372,0.0,0.0,2.20000004768372,0,0,118,1322,2489
1844505072,2016-04-27,4,0.0,0.0,0.0,0.0,0,0,1,1439,1348
1927972279,2016-04-27,0,0.0,0.0,0.0,0.0,0,0,0,1440,2063
2022484408,2016-04-27,10159,7.13000011444092,1.03999996185303,0.970000028610229,5.11999988555908,19,20,282,1119,2463
2026352035,2016-04-27,6088,3.76999998092651,0.0,0.0,3.76999998092651,0,0,286,586,1593
2320127002,2016-04-27,1715,1.1599999666214,0.0,0.0,1.1599999666214,0,0,82,1358,1481
2347167796,2016-04-27,11423,7.57999992370605,1.86000001430511,0.400000005960464,5.32000017166138,26,9,295,623,2194
2873212765,2016-04-27,3516,2.35999989509583,0.0,0.0,2.35999989509583,46,0,197,1197,1966
3372868164,2016-04-27,7904,5.42000007629395,1.58000004291534,0.629999995231628,3.19000005722046,24,13,346,1057,2095
3977333714,2016-04-27,7193,5.03999996185303,0.0,0.419999986886978,4.61999988555908,0,10,176,714,1377
4020332650,2016-04-27,0,0.0,0.0,0.0,0.0,0,0,0,1440,1980
4319703577,2016-04-27,10780,7.23000001907349,0.409999996423721,1.91999995708466,4.90999984741211,6,47,300,680,2324
4388161847,2016-04-27,11193,8.60999965667725,0.699999988079071,2.50999999046326,5.3899998664856,11,48,241,684,3074
4445114986,2016-04-27,7243,5.03000020980835,2.61999988555908,0.0299999993294477,2.38000011444092,32,1,194,839,2361
4558609924,2016-04-27,9557,6.32000017166138,1.96000003814697,0.889999985694885,3.46000003814697,27,14,312,1087,2098
4702921684,2016-04-27,7047,5.71999979019165,0.0900000035762787,0.800000011920929,4.78000020980835,1,16,238,733,2908
5553957443,2016-04-27,10538,6.88000011444092,1.13999998569489,1.0,4.73999977111816,16,16,206,745,1922
5577150313,2016-04-27,6805,5.1399998664856,1.80999994277954,0.400000005960464,2.9300000667572,63,16,190,773,3294
6117666160,2016-04-27,9411,7.1100001335144,0.0,0.0,7.1100001335144,0,0,458,417,2576
6290855005,2016-04-27,5565,4.21000003814697,0.0,0.0,4.17999982833862,0,0,287,1153,2743
6775888955,2016-04-27,0,0.0,0.0,0.0,0.0,0,0,0,1440,1841
6962181067,2016-04-27,10320,6.82000017166138,0.550000011920929,2.01999998092651,4.25,7,38,279,697,2034
7007744171,2016-04-27,13541,10.2200002670288,4.26999998092651,0.660000026226044,5.28999996185303,50,12,337,1041,2830
7086361926,2016-04-27,11107,8.34000015258789,5.63000011444092,0.180000007152557,2.52999997138977,55,6,145,829,2693
8053475328,2016-04-27,12422,9.81999969482422,6.46000003814697,0.430000007152557,2.9300000667572,60,10,183,1187,2852
8253242879,2016-04-27,10232,8.18000030517578,6.23999977111816,0.230000004172325,1.70000004768372,45,5,104,1286,2008
8378563200,2016-04-27,7359,5.84000015258789,0.330000013113022,0.180000007152557,5.32999992370605,4,4,192,676,3061
8583815059,2016-04-27,12474,9.72999954223633,6.59999990463257,0.270000010728836,2.86999988555908,77,5,129,1229,3142
8792009665,2016-04-27,1758,1.12999999523163,0.0,0.0,1.12999999523163,0,0,112,900,2067
8877689391,2016-04-27,23629,20.6499996185303,13.0699996948242,0.439999997615814,7.09999990463257,93,8,235,1104,3808
1503960366,2016-04-26,13755,8.78999996185303,2.32999992370605,0.920000016689301,5.53999996185303,31,23,279,833,1970
1624580081,2016-04-26,2826,1.8400000333786,0.0,0.0,1.83000004291534,0,0,140,1300,1402
1644430081,2016-04-26,9919,7.21000003814697,0.800000011920929,1.72000002861023,4.69000005722046,11,41,223,1165,3123
1844505072,2016-04-26,0,0.0,0.0,0.0,0.0,0,0,0,1440,1347
1927972279,2016-04-26,3761,2.59999990463257,0.0,0.0,2.59999990463257,0,0,192,1058,2638
2022484408,2016-04-26,10119,7.19000005722046,1.42999994754791,0.660000026226044,5.1100001335144,55,24,275,1086,2793
2026352035,2016-04-26,5933,3.6800000667572,0.0,0.0,3.6800000667572,0,0,288,1018,1595
2320127002,2016-04-26,3409,2.29999995231628,0.0,0.0,2.29999995231628,0,0,147,1293,1632
2347167796,2016-04-26,5980,3.95000004768372,0.0,0.0,3.95000004768372,0,0,227,732,1861
2873212765,2016-04-26,8242,5.53999996185303,0.119999997317791,0.180000007152557,5.23999977111816,2,5,309,1124,1882
3372868164,2016-04-26,8283,5.78999996185303,1.85000002384186,0.0500000007450581,3.86999988555908,22,2,333,1083,2057
3977333714,2016-04-26,11388,7.61999988555908,0.449999988079071,4.21999979019165,2.95000004768372,7,95,170,797,1551
4020332650,2016-04-26,0,0.0,0.0,0.0,0.0,0,0,0,1440,1980
4319703577,2016-04-26,9899,6.6399998664856,0.569999992847443,0.920000016689301,5.15000009536743,8,21,288,649,2236
4388161847,2016-04-26,9461,7.28000020980835,0.939999997615814,1.05999994277954,5.26999998092651,14,23,224,673,2929
4445114986,2016-04-26,6326,4.40999984741211,2.41000008583069,0.0399999991059303,1.96000003814697,29,1,180,839,2291
4558609924,2016-04-26,9148,6.05000019073486,0.430000007152557,2.02999997138977,3.58999991416931,12,41,283,1062,2223
4702921684,2016-04-26,6108,4.94999980926514,0.0700000002980232,0.349999994039536,4.53999996185303,1,8,216,765,2784
5553957443,2016-04-26,11886,7.76000022888184,2.36999988555908,0.930000007152557,4.46000003814697,40,18,238,750,2093
5577150313,2016-04-26,5325,3.98000001907349,0.850000023841858,0.649999976158142,2.47000002861023,38,32,181,759,3088
6117666160,2016-04-26,9543,7.21000003814697,0.0,0.340000003576279,6.86999988555908,0,7,352,1077,2450
6290855005,2016-04-26,0,0.0,0.0,0.0,0.0,0,0,0,1440,2060
6775888955,2016-04-26,7091,5.26999998092651,3.48000001907349,0.870000004768372,0.730000019073486,42,30,47,1321,2584
6962181067,2016-04-26,10433,6.90000009536743,2.57999992370605,0.419999986886978,3.90000009536743,36,7,254,680,2012
7007744171,2016-04-26,15090,10.1000003814697,0.930000007152557,0.939999997615814,8.22999954223633,16,22,424,978,2939
7086361926,2016-04-26,10387,7.07000017166138,4.15999984741211,0.769999980926514,2.11999988555908,70,33,132,726,2781
8053475328,2016-04-26,12685,9.61999988555908,6.30999994277954,0.200000002980232,3.09999990463257,68,5,185,1182,2846
8253242879,2016-04-26,4562,3.03999996185303,1.17999994754791,0.490000009536743,1.37000000476837,19,14,108,1299,1813
8378563200,2016-04-26,16208,12.8500003814697,7.51000022888184,0.920000016689301,4.42000007629395,90,18,161,593,3763
8583815059,2016-04-26,10499,8.1899995803833,0.0700000002980232,4.21999979019165,3.89000010490417,1,91,214,1134,3093
8792009665,2016-04-26,1321,0.850000023841858,0.0,0.0,0.850000023841858,0,0,80,1360,1928
8877689391,2016-04-26,11101,8.43000030517578,1.75999999046326,0.129999995231628,6.5,22,3,258,1157,2860
1503960366,2016-04-25,15355,9.80000019073486,5.28999996185303,0.569999992847443,3.94000005722046,73,14,216,814,2013
1624580081,2016-04-25,6497,4.21999979019165,0.0,0.0,4.19999980926514,0,0,202,1238,1492
1644430081,2016-04-25,3580,2.59999990463257,0.589999973773956,0.0599999986588955,1.95000004768372,8,1,94,1337,2497
1844505072,2016-04-25,0,0.0,0.0,0.0,0.0,0,0,0,1440,1347
1927972279,2016-04-25,152,0.109999999403954,0.0,0.0,0.109999999403954,0,0,12,1303,2100
2022484408,2016-04-25,11369,8.01000022888184,3.32999992370605,0.219999998807907,4.46000003814697,44,8,217,1171,2470
2026352035,2016-04-25,6017,3.73000001907349,0.0,0.0,3.73000001907349,0,0,260,821,1576
2320127002,2016-04-25,3588,2.42000007629395,0.230000004172325,0.200000002980232,1.99000000953674,3,5,152,1280,1654
2347167796,2016-04-25,9482,6.38000011444092,1.26999998092651,0.519999980926514,4.59999990463257,15,11,277,653,2095
2873212765,2016-04-25,7373,4.94999980926514,0.0,0.0,4.94999980926514,0,0,359,1081,1907
3372868164,2016-04-25,5995,4.09000015258789,0.0,0.0,4.09000015258789,0,0,416,1024,2010
3977333714,2016-04-25,11177,8.47999954223633,5.61999988555908,0.430000007152557,2.41000008583069,50,9,133,781,1570
4020332650,2016-04-25,0,0.0,0.0,0.0,0.0,0,0,0,1440,1980
4319703577,2016-04-25,9259,6.21000003814697,0.0,0.280000001192093,5.92999982833862,0,8,390,544,2314
4388161847,2016-04-25,12961,9.97000026702881,0.730000019073486,1.39999997615814,7.84000015258789,11,31,301,1054,3288
4445114986,2016-04-25,3385,2.26999998092651,0.0,0.0,2.26999998092651,0,0,179,916,2070
4558609924,2016-04-25,8095,5.34999990463257,0.589999973773956,0.25,4.51000022888184,18,10,340,993,2225
4702921684,2016-04-25,9167,7.42999982833862,0.490000009536743,0.819999992847443,6.1100001335144,6,15,270,730,3064
5553957443,2016-04-25,10946,7.19000005722046,2.9300000667572,0.569999992847443,3.69000005722046,51,11,201,732,2033
5577150313,2016-04-25,6393,4.78000020980835,1.35000002384186,0.670000016689301,2.75999999046326,61,38,214,743,3374
6117666160,2016-04-25,0,0.0,0.0,0.0,0.0,0,0,0,1440,1497
6290855005,2016-04-25,7802,5.90000009536743,0.680000007152557,0.180000007152557,5.03000020980835,8,3,249,1180,2771
6775888955,2016-04-25,6474,4.6399998664856,2.26999998092651,0.46000000834465,1.89999997615814,33,13,92,1302,2484
6962181067,2016-04-25,13239,9.27000045776367,3.01999998092651,1.67999994754791,4.46000003814697,35,31,282,637,2194
7007744171,2016-04-25,18229,13.3400001525879,4.30999994277954,1.37000000476837,7.67000007629395,51,24,379,986,3055
7086361926,2016-04-25,10091,6.82000017166138,3.75,0.699999988079071,2.36999988555908,69,39,129,706,2752
8053475328,2016-04-25,20500,15.6899995803833,11.3699998855591,0.46000000834465,3.85999989509583,118,9,209,1104,3403
8253242879,2016-04-25,6829,4.51000022888184,0.360000014305115,2.39000010490417,1.76999998092651,7,54,118,1261,1909
8378563200,2016-04-25,12405,9.84000015258789,5.05000019073486,0.870000004768372,3.92000007629395,117,16,141,692,4005
8583815059,2016-04-25,4503,3.50999999046326,1.47000002861023,0.239999994635582,1.80999994277954,18,6,122,1294,2547
8792009665,2016-04-25,0,0.0,0.0,0.0,0.0,0,0,0,1440,1688
8877689391,2016-04-25,12986,8.73999977111816,2.36999988555908,0.0700000002980232,6.26999998092651,113,8,218,1101,3802
1503960366,2016-04-24,10039,6.40999984741211,2.92000007629395,0.209999993443489,3.27999997138977,39,5,238,709,1788
1624580081,2016-04-24,6076,3.95000004768372,1.14999997615814,0.910000026226044,1.88999998569489,16,18,185,1221,1617
1644430081,2016-04-24,3321,2.41000008583069,0.0,0.0,2.41000008583069,0,0,89,1351,2413
1844505072,2016-04-24,0,0.0,0.0,0.0,0.0,0,0,0,1440,1347
1927972279,2016-04-24,2090,1.45000004768372,0.0700000002980232,0.239999994635582,1.13999998569489,1,6,75,1358,2324
2022484408,2016-04-24,13481,10.2799997329712,4.55000019073486,1.14999997615814,4.57999992370605,37,26,216,1161,2529
2026352035,2016-04-24,3490,2.16000008583069,0.0,0.0,2.16000008583069,0,0,164,704,1401
2320127002,2016-04-24,4165,2.80999994277954,0.0,0.0,2.79999995231628,0,0,204,1236,1725
2347167796,2016-04-24,9471,6.26000022888184,0.0,0.0,6.26000022888184,0,0,360,584,2187
2873212765,2016-04-24,6873,4.67999982833862,3.0,0.0599999986588955,1.62000000476837,46,1,190,1203,1898
3372868164,2016-04-24,6731,4.59000015258789,0.889999985694885,0.189999997615814,3.49000000953674,14,7,292,1127,1921
3977333714,2016-04-24,14112,10.0,3.26999998092651,4.55999994277954,2.17000007629395,30,95,129,660,1655
4020332650,2016-04-24,0,0.0,0.0,0.0,0.0,0,0,0,1440,1980
4319703577,2016-04-24,4081,2.74000000953674,0.0599999986588955,0.200000002980232,2.47000002861023,1,5,191,692,1880
4388161847,2016-04-24,10243,7.88000011444092,1.08000004291534,0.509999990463257,6.30000019073486,14,8,239,584,2885
4445114986,2016-04-24,5002,3.35999989509583,0.0,0.0,3.35999989509583,0,0,244,1196,2247
4558609924,2016-04-24,8563,5.65999984741211,0.0,0.0,5.65000009536743,0,0,395,1045,2173
4702921684,2016-04-24,15050,12.2200002670288,1.20000004768372,5.11999988555908,5.88000011444092,15,95,281,542,3538
5553957443,2016-04-24,1807,1.17999994754791,0.0,0.0,1.17999994754791,0,0,104,582,1507
5577150313,2016-04-24,15764,11.7799997329712,7.65000009536743,2.15000009536743,1.98000001907349,210,65,141,425,4392
6117666160,2016-04-24,7623,5.76000022888184,0.0,0.0,5.76000022888184,0,0,362,711,2305
6290855005,2016-04-24,5896,4.46000003814697,0.0,0.0,4.46000003814697,0,0,258,1182,2703
6775888955,2016-04-24,2153,1.53999996185303,0.769999980926514,0.620000004768372,0.150000005960464,11,18,11,1400,2053
6962181067,2016-04-24,5029,3.3199999332428,0.0,0.0,3.3199999332428,0,0,199,720,1705
7007744171,2016-04-24,11085,7.42000007629395,0.0,0.0,7.42000007629395,0,0,419,1021,2667
7086361926,2016-04-24,3520,2.16000008583069,0.0,0.0,2.15000009536743,0,0,125,566,2049
8053475328,2016-04-24,22988,17.9500007629395,13.1300001144409,1.54999995231628,3.25999999046326,129,33,182,1096,3577
8253242879,2016-04-24,8905,7.13000011444092,5.59999990463257,0.189999997615814,1.3400000333786,41,4,82,1313,1976
8378563200,2016-04-24,3703,2.94000005722046,0.0,0.0,2.94000005722046,0,0,135,734,2741
8583815059,2016-04-24,8286,6.46000003814697,0.150000005960464,2.04999995231628,4.26999998092651,2,44,206,1188,2889
8792009665,2016-04-24,400,0.259999990463257,0.0399999991059303,0.0500000007450581,0.159999996423721,3,8,19,1410,1799
8877689391,2016-04-24,16674,15.7399997711182,11.0100002288818,0.00999999977648258,4.69000005722046,64,1,227,1148,3455
1503960366,2016-04-23,14371,9.03999996185303,2.80999994277954,0.870000004768372,5.3600001335144,41,21,262,732,1949
1624580081,2016-04-23,8538,5.55000019073486,0.0,0.0,5.53999996185303,0,0,227,1213,1562
1644430081,2016-04-23,6637,4.82999992370605,0.0,0.579999983310699,4.25,0,15,160,1265,2677
1844505072,2016-04-23,3570,2.35999989509583,0.0,0.0,2.35999989509583,0,0,139,1301,1645
1927972279,2016-04-23,2945,2.03999996185303,0.0,0.0,2.03999996185303,0,0,145,1295,2499
2022484408,2016-04-23,6001,4.21000003814697,0.0,0.0,4.21000003814697,0,0,249,1191,2069
2026352035,2016-04-23,12357,7.71000003814697,0.0,0.0,7.71000003814697,0,0,432,458,1916
2320127002,2016-04-23,5079,3.42000007629395,0.0,0.0,3.42000007629395,0,0,242,1129,1804
2347167796,2016-04-23,16901,11.3699998855591,2.77999997138977,1.45000004768372,7.15000009536743,32,35,360,591,2629
2873212765,2016-04-23,9317,6.34999990463257,2.08999991416931,0.230000004172325,4.01999998092651,28,5,330,1077,2021
3372868164,2016-04-23,7396,5.07000017166138,1.39999997615814,0.0799999982118607,3.57999992370605,20,2,303,1115,1995
3977333714,2016-04-23,12058,8.06999969482422,0.0,4.21999979019165,3.84999990463257,0,92,252,724,1638
4020332650,2016-04-23,0,0.0,0.0,0.0,0.0,0,0,0,1440,1980
4319703577,2016-04-23,4935,3.30999994277954,0.0,0.0,3.30999994277954,0,0,233,546,1945
4388161847,2016-04-23,13236,10.1800003051758,4.5,0.319999992847443,5.34999990463257,58,5,215,749,3306
4445114986,2016-04-23,4363,2.9300000667572,0.0,0.0,2.9300000667572,0,0,201,1239,2149
4558609924,2016-04-23,6890,4.55000019073486,0.340000003576279,0.200000002980232,4.01000022888184,5,5,308,1122,2085
4702921684,2016-04-23,15126,12.2700004577637,0.759999990463257,3.24000000953674,8.27000045776367,9,66,408,469,3691
5553957443,2016-04-23,4112,2.69000005722046,0.0,0.0,2.6800000667572,0,0,272,443,1776
5577150313,2016-04-23,7638,5.71000003814697,1.21000003814697,0.360000014305115,4.1399998664856,24,24,223,627,3152
6117666160,2016-04-23,11495,8.68000030517578,0.0,0.0,8.68000030517578,0,0,512,468,2651
6290855005,2016-04-23,0,0.0,0.0,0.0,0.0,33,0,0,1407,2664
6775888955,2016-04-23,0,0.0,0.0,0.0,0.0,0,0,0,1440,1841
6962181067,2016-04-23,20031,13.2399997711182,4.19999980926514,2.0,7.03999996185303,58,41,347,484,2571
7007744171,2016-04-23,8093,5.40999984741211,0.129999995231628,1.12999999523163,4.15000009536743,2,25,223,1190,2284
7086361926,2016-04-23,2817,1.80999994277954,0.0,0.0,1.79999995231628,0,0,90,1350,1965
8053475328,2016-04-23,22359,17.1900005340576,12.539999961853,0.629999995231628,4.01999998092651,125,14,223,741,3554
8253242879,2016-04-23,9282,6.26000022888184,2.08999991416931,1.03999996185303,3.13000011444092,30,26,191,1193,2132
8378563200,2016-04-23,5709,4.53000020980835,1.51999998092651,0.519999980926514,2.48000001907349,19,10,136,740,2908
8583815059,2016-04-23,9423,7.34999990463257,0.529999971389771,2.02999997138977,4.75,7,44,238,1151,3012
8792009665,2016-04-23,5245,3.35999989509583,0.159999996423721,0.439999997615814,2.75,8,45,232,795,2748
8877689391,2016-04-23,11200,7.42999982833862,0.0,0.0,7.40000009536743,102,6,300,1032,3891
1503960366,2016-04-22,12764,8.13000011444092,4.76000022888184,1.12000000476837,2.24000000953674,66,27,130,1217,1827
1624580081,2016-04-22,4026,2.61999988555908,0.0,0.0,2.59999990463257,0,0,199,1241,1470
1644430081,2016-04-22,3673,2.67000007629395,0.0,0.0,2.66000008583069,0,0,86,1354,2344
1844505072,2016-04-22,5372,3.54999995231628,0.0,0.0,3.54999995231628,0,0,220,1220,1827
1927972279,2016-04-22,149,0.100000001490116,0.0,0.0,0.100000001490116,0,0,10,1430,2093
2022484408,2016-04-22,12954,9.32999992370605,4.42999982833862,0.419999986886978,4.46999979019165,52,10,273,1105,2638
2026352035,2016-04-22,2915,1.80999994277954,0.0,0.0,1.80999994277954,0,0,162,712,1399
2320127002,2016-04-22,5583,3.75999999046326,0.0,0.0,3.75999999046326,0,0,266,1174,1851
2347167796,2016-04-22,7804,5.15999984741211,0.560000002384186,1.67999994754791,2.92000007629395,9,27,206,781,1946
2873212765,2016-04-22,7286,4.90000009536743,0.46000000834465,0.0,4.42000007629395,46,0,366,1028,2241
3372868164,2016-04-22,3843,2.61999988555908,0.0,0.0,2.60999989509583,0,0,206,1234,1669
3977333714,2016-04-22,8911,5.96000003814697,2.32999992370605,0.579999983310699,3.05999994277954,33,12,188,731,1481
4020332650,2016-04-22,0,0.0,0.0,0.0,0.0,0,0,0,1440,1980
4319703577,2016-04-22,4500,3.01999998092651,0.0599999986588955,0.810000002384186,2.15000009536743,1,19,176,709,1886
4388161847,2016-04-22,12139,9.34000015258789,3.29999995231628,1.11000001430511,4.92000007629395,77,25,220,945,3544
4445114986,2016-04-22,6831,4.57999992370605,0.0,0.0,4.57999992370605,0,0,317,706,2432
4558609924,2016-04-22,9601,6.34999990463257,1.37000000476837,1.5,3.47000002861023,20,25,273,1122,2094
4702921684,2016-04-22,1664,1.35000002384186,0.0,0.0,1.35000002384186,0,0,72,1341,2241
5553957443,2016-04-22,11682,7.63000011444092,1.37999999523163,0.629999995231628,5.59999990463257,25,16,270,781,2105
5577150313,2016-04-22,9172,6.84999990463257,2.42000007629395,0.790000021457672,3.29999995231628,62,30,200,823,3329
6117666160,2016-04-22,8206,6.19999980926514,0.0,0.0,6.19999980926514,0,0,402,413,2409
6290855005,2016-04-22,6238,4.71999979019165,0.0,0.0,4.71999979019165,0,0,302,1138,2796
6775888955,2016-04-22,637,0.46000000834465,0.0,0.0,0.46000000834465,0,0,20,1420,1922
6962181067,2016-04-22,10725,7.09000015258789,1.76999998092651,1.54999995231628,3.76999998092651,30,33,240,659,2086
7007744171,2016-04-22,15299,10.2399997711182,4.09999990463257,1.75999999046326,4.36999988555908,64,50,261,1065,2889
7086361926,2016-04-22,9753,6.53000020980835,2.86999988555908,0.970000028610229,2.67000007629395,58,59,153,762,2846
8053475328,2016-04-22,10520,8.28999996185303,6.26000022888184,0.150000005960464,1.87999999523163,60,3,117,1260,2655
8253242879,2016-04-22,2824,1.87000000476837,0.0,0.0,1.87000000476837,0,0,120,1320,1651
8378563200,2016-04-22,12200,9.67000007629395,4.90999984741211,0.589999973773956,4.17999982833862,113,12,159,769,4044
8583815059,2016-04-22,8687,6.78000020980835,0.28999999165535,2.41000008583069,4.07999992370605,4,54,212,1170,2944
8792009665,2016-04-22,4068,2.59999990463257,0.0500000007450581,0.280000001192093,2.26999998092651,1,20,195,817,2419
8877689391,2016-04-22,18258,16.3099994659424,10.2299995422363,0.0299999993294477,5.96999979019165,61,2,236,1141,3427
1503960366,2016-04-21,9819,6.34000015258789,1.3400000333786,0.349999994039536,4.65000009536743,19,8,211,838,1775
1624580081,2016-04-21,6349,4.13000011444092,0.0,0.0,4.1100001335144,0,0,186,1254,1467
1644430081,2016-04-21,1223,0.889999985694885,0.0,0.0,0.879999995231628,0,0,38,1402,2140
1844505072,2016-04-21,8054,5.32000017166138,0.119999997317791,0.519999980926514,4.67999982833862,2,13,308,1117,2062
1927972279,2016-04-21,0,0.0,0.0,0.0,0.0,0,0,0,1440,2064
2022484408,2016-04-21,12453,8.73999977111816,3.32999992370605,1.11000001430511,4.30999994277954,104,53,255,1028,3158
2026352035,2016-04-21,2467,1.52999997138977,0.0,0.0,1.52999997138977,0,0,153,749,1370
2320127002,2016-04-21,3404,2.28999996185303,0.0599999986588955,0.419999986886978,1.80999994277954,1,10,127,1302,1610
2347167796,2016-04-21,10080,6.75,1.85000002384186,1.52999997138977,3.38000011444092,23,26,208,761,2048
2873212765,2016-04-21,8859,5.98000001907349,0.129999995231628,0.370000004768372,5.46999979019165,2,10,371,1057,1970
3372868164,2016-04-21,8857,6.07000017166138,1.14999997615814,0.259999990463257,4.6399998664856,18,9,376,1037,2124
3977333714,2016-04-21,6093,4.07999992370605,0.0,0.0,4.05999994277954,0,0,242,712,1397
4020332650,2016-04-21,0,0.0,0.0,0.0,0.0,0,0,0,1440,1980
4319703577,2016-04-21,3702,2.48000001907349,0.0,0.0,0.349999994039536,0,0,34,1265,1792
4388161847,2016-04-21,10055,7.73000001907349,0.370000004768372,0.389999985694885,6.98000001907349,7,12,272,853,3069
4445114986,2016-04-21,3809,2.55999994277954,0.0,0.0,2.53999996185303,0,0,215,756,2150
4558609924,2016-04-21,13743,9.07999992370605,0.419999986886978,0.970000028610229,7.69999980926514,6,21,432,844,2486
4702921684,2016-04-21,6530,5.30000019073486,0.310000002384186,2.04999995231628,2.94000005722046,4,41,144,901,2729
5553957443,2016-04-21,12346,8.0600004196167,2.95000004768372,2.16000008583069,2.96000003814697,47,42,177,801,2066
5577150313,2016-04-21,10830,8.09000015258789,3.65000009536743,1.6599999666214,2.77999997138977,110,74,175,670,4018
6117666160,2016-04-21,19542,15.0100002288818,0.980000019073486,0.400000005960464,5.61999988555908,11,19,294,579,4900
6290855005,2016-04-21,0,0.0,0.0,0.0,0.0,0,0,0,1440,2060
6775888955,2016-04-21,0,0.0,0.0,0.0,0.0,0,0,0,1440,1841
6962181067,2016-04-21,11835,9.71000003814697,3.99000000953674,2.09999990463257,3.50999999046326,53,27,214,708,2179
7007744171,2016-04-21,13744,9.1899995803833,2.15000009536743,1.87000000476837,5.17000007629395,30,34,327,1049,2763
7086361926,2016-04-21,9469,6.17999982833862,1.36000001430511,0.300000011920929,4.51000022888184,19,6,206,758,2463
8053475328,2016-04-21,16057,12.5100002288818,9.67000007629395,0.25,2.57999992370605,100,6,170,1164,3103
8253242879,2016-04-21,11268,8.5600004196167,5.88000011444092,0.930000007152557,1.75,49,20,172,1199,2218
8378563200,2016-04-21,15148,12.0100002288818,6.90000009536743,0.819999992847443,4.28999996185303,137,16,145,677,4236
8583815059,2016-04-21,8538,6.65999984741211,2.63000011444092,1.01999998092651,3.00999999046326,35,18,158,1229,2883
8792009665,2016-04-21,144,0.0900000035762787,0.0,0.0,0.0900000035762787,0,0,9,1431,1720
8877689391,2016-04-21,19377,17.6200008392334,12.289999961853,0.419999986886978,4.8899998664856,82,13,226,1119,3659
1503960366,2016-04-20,10544,6.67999982833862,1.96000003814697,0.479999989271164,4.23999977111816,28,12,205,818,1786
1624580081,2016-04-20,4974,3.23000001907349,0.0,0.0,3.23000001907349,0,0,151,1289,1446
1644430081,2016-04-20,2436,1.76999998092651,0.0,0.0,1.75999999046326,0,0,125,1315,2430
1844505072,2016-04-20,8,0.00999999977648258,0.0,0.0,0.00999999977648258,0,0,1,1439,1349
1927972279,2016-04-20,0,0.0,0.0,0.0,0.0,0,0,0,1440,2063
2022484408,2016-04-20,15112,10.6700000762939,3.33999991416931,1.92999994754791,5.40000009536743,48,63,276,1053,2897
2026352035,2016-04-20,7222,4.48000001907349,0.0,0.0,4.48000001907349,0,0,327,623,1667
2320127002,2016-04-20,7192,4.84999990463257,0.0,0.490000009536743,4.34000015258789,0,11,283,1146,1922
2347167796,2016-04-20,10999,7.26999998092651,0.680000007152557,1.80999994277954,4.78000020980835,11,43,269,1011,2198
2873212765,2016-04-20,9202,6.30000019073486,1.50999999046326,0.119999997317791,4.65999984741211,22,5,378,1035,2094
3372868164,2016-04-20,4880,3.32999992370605,0.839999973773956,0.0900000035762787,2.38000011444092,15,3,274,1148,1867
3977333714,2016-04-20,11658,7.82999992370605,0.200000002980232,4.34999990463257,3.27999997138977,2,98,164,845,1554
4020332650,2016-04-20,0,0.0,0.0,0.0,0.0,0,0,0,1440,1980
4319703577,2016-04-20,8954,6.01000022888184,0.0,0.680000007152557,5.30999994277954,0,18,306,671,2220
4388161847,2016-04-20,10553,8.11999988555908,1.10000002384186,1.72000002861023,5.28999996185303,19,42,228,696,3083
4445114986,2016-04-20,2072,1.38999998569489,0.0,0.0,1.38999998569489,0,0,137,841,1974
4558609924,2016-04-20,4803,3.17000007629395,0.0,0.0,3.17000007629395,0,0,222,1218,1788
4702921684,2016-04-20,8793,7.13000011444092,0.159999996423721,1.23000001907349,5.73000001907349,2,29,260,717,3061
5553957443,2016-04-20,2713,1.76999998092651,0.0,0.0,1.76999998092651,0,0,148,598,1570
5577150313,2016-04-20,8330,6.21999979019165,4.11999988555908,0.340000003576279,1.75999999046326,87,16,113,773,3192
6117666160,2016-04-20,10449,8.02000045776367,2.02999997138977,0.479999989271164,5.51999998092651,26,10,349,587,2536
6290855005,2016-04-20,6361,4.80999994277954,0.0,0.0,4.80000019073486,0,0,258,1182,2701
6775888955,2016-04-20,10771,7.71999979019165,3.76999998092651,1.74000000953674,2.22000002861023,70,113,178,1079,3727
6962181067,2016-04-20,13928,9.55000019073486,4.28000020980835,0.189999997615814,5.09000015258789,48,4,297,639,2174
7007744171,2016-04-20,15566,11.3100004196167,4.78999996185303,0.670000016689301,5.8600001335144,60,33,347,1000,3096
7086361926,2016-04-20,14365,10.6400003433228,7.6399998664856,0.449999988079071,2.53999996185303,87,13,145,797,2997
8053475328,2016-04-20,15108,12.1899995803833,9.57999992370605,0.230000004172325,2.38000011444092,89,5,158,695,3043
8253242879,2016-04-20,6466,4.26999998092651,0.330000013113022,0.819999992847443,3.10999989509583,5,18,216,1201,1931
8378563200,2016-04-20,9388,7.44000005722046,2.23000001907349,0.439999997615814,4.78000020980835,82,8,169,763,3787
8583815059,2016-04-20,5273,4.1100001335144,0.0,1.03999996185303,3.0699999332428,0,27,167,1246,2647
8792009665,2016-04-20,3147,2.00999999046326,0.0,0.280000001192093,1.74000000953674,0,10,139,744,2188
8877689391,2016-04-20,19948,18.1100006103516,11.0200004577637,0.689999997615814,6.34000015258789,73,19,225,1123,3679
1503960366,2016-04-19,15506,9.88000011444092,3.52999997138977,1.32000005245209,5.03000020980835,50,31,264,775,2035
1624580081,2016-04-19,2916,1.89999997615814,0.0,0.0,1.89999997615814,0,0,141,1299,1435
1644430081,2016-04-19,11256,8.18000030517578,0.360000014305115,2.52999997138977,5.30000019073486,5,58,278,1099,3300
1844505072,2016-04-19,197,0.129999995231628,0.0,0.0,0.129999995231628,0,0,10,1430,1366
1927972279,2016-04-19,0,0.0,0.0,0.0,0.0,0,0,0,1440,2063
2022484408,2016-04-19,11548,8.52999973297119,3.28999996185303,0.239999994635582,5.0,31,7,250,1152,2489
2026352035,2016-04-19,2424,1.5,0.0,0.0,1.5,0,0,141,785,1356
2320127002,2016-04-19,5997,4.03999996185303,0.0,0.379999995231628,3.66000008583069,0,11,228,1201,1811
2347167796,2016-04-19,6711,4.44000005722046,0.0,0.0,4.44000005722046,0,7,382,648,2346
2873212765,2016-04-19,7948,5.36999988555908,0.0,0.0,5.3600001335144,0,0,389,1051,1956
3372868164,2016-04-19,7711,5.26000022888184,0.0,0.0,5.23999977111816,0,0,376,1064,1985
3977333714,2016-04-19,12414,8.77999973297119,2.24000000953674,2.45000004768372,3.96000003814697,19,67,221,738,1638
4020332650,2016-04-19,0,0.0,0.0,0.0,0.0,0,0,0,1440,1980
4319703577,2016-04-19,8925,5.98999977111816,0.0,0.0,5.98999977111816,0,0,311,604,2200
4388161847,2016-04-19,10181,7.82999992370605,1.37000000476837,0.689999997615814,5.76999998092651,20,16,249,704,3015
4445114986,2016-04-19,2064,1.38999998569489,0.0,0.0,1.38999998569489,0,0,121,895,1954
4558609924,2016-04-19,5401,3.5699999332428,0.0500000007450581,0.360000014305115,3.16000008583069,1,9,248,1182,1876
4702921684,2016-04-19,6708,5.44000005722046,0.879999995231628,0.370000004768372,4.19000005722046,10,8,179,757,2812
5553957443,2016-04-19,15482,10.1099996566772,4.28000020980835,1.6599999666214,4.17999982833862,69,28,249,756,2284
5577150313,2016-04-19,12574,9.42000007629395,7.01999998092651,0.639999985694885,1.75999999046326,108,23,111,733,3501
6117666160,2016-04-19,11135,8.40999984741211,0.0,0.0,8.40999984741211,0,0,480,425,2606
6290855005,2016-04-19,7142,5.40000009536743,0.0,0.0,5.3899998664856,0,0,321,1119,2839
6775888955,2016-04-19,0,0.0,0.0,0.0,0.0,0,0,0,1440,1841
6962181067,2016-04-19,10742,7.09999990463257,2.09999990463257,2.13000011444092,2.86999988555908,35,41,195,659,2046
7007744171,2016-04-19,14194,10.4799995422363,4.40999984741211,0.759999990463257,5.30999994277954,53,17,304,1066,2812
7086361926,2016-04-19,10688,7.28999996185303,3.52999997138977,1.23000001907349,2.50999999046326,67,69,124,671,2944
8053475328,2016-04-19,15929,12.4799995422363,9.22000026702881,0.310000002384186,2.95000004768372,90,7,191,1152,3114
8253242879,2016-04-19,4212,2.77999997138977,0.0,0.0,2.77999997138977,0,0,164,1276,1763
8378563200,2016-04-19,13070,10.3599996566772,5.30000019073486,0.879999995231628,4.17999982833862,120,19,154,737,4092
8583815059,2016-04-19,5697,4.44000005722046,0.529999971389771,0.479999989271164,3.44000005722046,7,10,166,1257,2668
8792009665,2016-04-19,0,0.0,0.0,0.0,0.0,0,0,0,1440,1688
8877689391,2016-04-19,18785,17.3999996185303,12.1499996185303,0.180000007152557,5.03000020980835,82,13,214,1131,3676
1503960366,2016-04-18,13019,8.59000015258789,3.25,0.639999985694885,4.71000003814697,42,16,233,1149,1921
1624580081,2016-04-18,10536,7.40999984741211,2.15000009536743,0.620000004768372,4.61999988555908,17,7,202,1214,1604
1644430081,2016-04-18,7132,5.19000005722046,1.07000005245209,1.66999995708466,2.45000004768372,15,33,121,1271,2806
1844505072,2016-04-18,4597,3.03999996185303,0.0,0.479999989271164,2.55999994277954,0,12,217,1211,1814
1927972279,2016-04-18,244,0.170000001788139,0.0,0.0,0.170000001788139,0,0,17,1423,2111
2022484408,2016-04-18,14131,10.0699996948242,3.64000010490417,0.119999997317791,6.30000019073486,48,3,311,1078,2770
2026352035,2016-04-18,3325,2.05999994277954,0.0,0.0,2.05999994277954,0,0,182,1062,1419
2320127002,2016-04-18,6559,4.42000007629395,0.0,0.259999990463257,4.1399998664856,0,7,260,1173,1905
2347167796,2016-04-18,8247,5.44999980926514,0.790000021457672,0.860000014305115,3.78999996185303,11,16,206,678,1944
2873212765,2016-04-18,7762,5.23999977111816,0.0700000002980232,0.280000001192093,4.8899998664856,1,6,311,1122,1890
3372868164,2016-04-18,6798,4.6399998664856,1.08000004291534,0.200000002980232,3.34999990463257,20,7,343,1070,2014
3977333714,2016-04-18,11663,7.80000019073486,0.25,3.73000001907349,3.8199999332428,4,95,214,605,1584
4020332650,2016-04-18,62,0.0399999991059303,0.0,0.0,0.0399999991059303,0,0,2,1438,1995
4319703577,2016-04-18,2276,1.54999995231628,0.0700000002980232,0.330000013113022,1.12000000476837,1,9,58,824,1632
4388161847,2016-04-18,11009,9.10000038146973,3.55999994277954,0.400000005960464,5.1399998664856,27,8,239,1017,3274
4445114986,2016-04-18,6155,4.23999977111816,2.0,0.28999999165535,1.95000004768372,25,6,162,1247,2248
4558609924,2016-04-18,8940,5.90999984741211,0.980000019073486,0.930000007152557,4.0,14,15,331,1080,2116
4702921684,2016-04-18,9105,7.38000011444092,1.82000005245209,1.49000000953674,4.07000017166138,22,30,191,890,3013
5553957443,2016-04-18,3727,2.4300000667572,0.0,0.0,2.4300000667572,0,0,206,622,1683
5577150313,2016-04-18,9893,7.3899998664856,4.8600001335144,0.720000028610229,1.82000005245209,114,32,130,623,3625
6117666160,2016-04-18,5153,3.91000008583069,0.0,0.0,3.89000010490417,0,0,241,759,2018
6290855005,2016-04-18,6885,5.21000003814697,0.0,0.0,5.19000005722046,0,0,271,1169,2766
6775888955,2016-04-18,8294,5.94999980926514,2.0,0.769999980926514,3.17000007629395,30,31,146,1233,2798
6962181067,2016-04-18,11404,7.53999996185303,0.829999983310699,2.39000010490417,4.32000017166138,13,42,238,689,2039
7007744171,2016-04-18,14816,10.9799995422363,3.78999996185303,2.11999988555908,5.05000019073486,48,31,284,1077,2832
7086361926,2016-04-18,9827,6.71000003814697,3.17000007629395,1.22000002861023,2.30999994277954,61,51,114,1136,2743
8053475328,2016-04-18,17076,12.6599998474121,9.07999992370605,0.230000004172325,3.34999990463257,102,6,195,1137,3133
8253242879,2016-04-18,5151,3.48000001907349,1.03999996185303,0.629999995231628,1.79999995231628,16,16,130,1278,1829
8378563200,2016-04-18,13630,10.8100004196167,5.05000019073486,0.560000002384186,5.19999980926514,117,10,174,720,4157
8583815059,2016-04-18,3864,3.00999999046326,0.310000002384186,1.05999994277954,1.35000002384186,4,22,105,1309,2536
8792009665,2016-04-18,0,0.0,0.0,0.0,0.0,0,0,0,1440,1688
8877689391,2016-04-18,11423,8.67000007629395,2.44000005722046,0.270000010728836,5.94000005722046,29,5,191,1215,2761
1503960366,2016-04-17,9705,6.48000001907349,3.19000005722046,0.779999971389771,2.50999999046326,38,20,164,539,1728
1624580081,2016-04-17,6175,4.05999994277954,1.02999997138977,1.51999998092651,1.49000000953674,15,22,127,1276,1554
1644430081,2016-04-17,8757,6.36999988555908,2.25,0.569999992847443,3.54999995231628,29,13,186,1212,3011
1844505072,2016-04-17,4525,2.99000000953674,0.140000000596046,0.259999990463257,2.58999991416931,2,8,199,1231,1793
1927972279,2016-04-17,0,0.0,0.0,0.0,0.0,0,0,0,1440,2063
2022484408,2016-04-17,15112,11.3999996185303,3.86999988555908,0.660000026226044,6.88000011444092,28,29,331,1052,2782
2026352035,2016-04-17,838,0.519999980926514,0.0,0.0,0.519999980926514,0,0,60,1053,1214
2320127002,2016-04-17,6198,4.17999982833862,0.0,0.0,4.17999982833862,0,0,249,1191,1852
2347167796,2016-04-17,5472,3.61999988555908,0.0799999982118607,0.280000001192093,3.25999999046326,1,7,249,508,1882
2873212765,2016-04-17,2524,1.70000004768372,0.0,0.349999994039536,1.3400000333786,0,8,160,1272,1529
3372868164,2016-04-17,8199,5.88000011444092,1.4099999666214,0.100000001490116,4.3600001335144,11,2,322,1105,1964
3977333714,2016-04-17,10415,6.96999979019165,0.699999988079071,2.34999990463257,3.92000007629395,11,58,205,600,1529
4020332650,2016-04-17,16,0.00999999977648258,0.0,0.0,0.00999999977648258,0,0,2,1438,1990
4319703577,2016-04-17,29,0.0199999995529652,0.0,0.0,0.0199999995529652,0,0,3,1363,1464
4388161847,2016-04-17,4660,3.57999992370605,0.0,0.0,3.57999992370605,0,0,201,721,2572
4445114986,2016-04-17,2268,1.51999998092651,0.0,0.0,1.51999998092651,0,0,114,1219,1933
4558609924,2016-04-17,9634,6.40000009536743,0.550000011920929,1.13999998569489,4.71000003814697,7,19,304,1110,2117
4702921684,2016-04-17,12692,10.289999961853,0.959999978542328,3.46000003814697,5.88000011444092,12,66,302,437,3394
5553957443,2016-04-17,655,0.430000007152557,0.0,0.0,0.430000007152557,0,0,46,943,1397
5577150313,2016-04-17,12231,9.14000034332275,5.98000001907349,0.829999983310699,2.3199999332428,200,37,159,525,4552
6117666160,2016-04-17,7150,5.40000009536743,0.0,0.0,5.40000009536743,0,0,312,702,2225
6290855005,2016-04-17,7851,5.94000005722046,1.13999998569489,0.790000021457672,4.0,31,12,225,1172,3171
6775888955,2016-04-17,2497,1.78999996185303,0.349999994039536,1.12999999523163,0.310000002384186,5,24,19,1392,2067
6962181067,2016-04-17,10145,6.71000003814697,0.330000013113022,0.680000007152557,5.69000005722046,5,13,295,634,2027
7007744171,2016-04-17,8059,5.3899998664856,0.0,0.0,5.3899998664856,0,0,305,1135,2383
7086361926,2016-04-17,0,0.0,0.0,0.0,0.0,0,0,0,1440,1629
8053475328,2016-04-17,18827,13.6899995803833,9.23999977111816,0.800000011920929,3.64000010490417,111,21,195,1113,3213
8253242879,2016-04-17,10204,7.90999984741211,5.42999982833862,0.150000005960464,2.32999992370605,41,5,157,1237,2112
8378563200,2016-04-17,2132,1.69000005722046,0.0,0.0,1.69000005722046,0,0,93,599,2572
8583815059,2016-04-17,3008,2.34999990463257,0.0,0.0,0.0,0,0,0,1440,2439
8792009665,2016-04-17,0,0.0,0.0,0.0,0.0,0,0,0,1440,1688
8877689391,2016-04-17,15118,8.86999988555908,0.0,0.0700000002980232,8.78999996185303,58,15,307,1060,3545
1503960366,2016-04-16,12669,8.15999984741211,2.71000003814697,0.409999996423721,5.03999996185303,36,10,221,773,1863
1624580081,2016-04-16,5370,3.49000000953674,0.0,0.0,3.49000000953674,0,0,176,1264,1463
1644430081,2016-04-16,15300,11.1199998855591,4.09999990463257,1.87999999523163,5.09000015258789,51,42,212,1135,3493
1844505072,2016-04-16,3414,2.25999999046326,0.0,0.0,2.25999999046326,0,0,147,1293,1657
1927972279,2016-04-16,0,0.0,0.0,0.0,0.0,0,0,0,1440,2064
2022484408,2016-04-16,10100,7.09000015258789,3.15000009536743,0.550000011920929,3.39000010490417,41,11,151,1237,2177
2026352035,2016-04-16,2547,1.58000004291534,0.0,0.0,1.58000004291534,0,0,150,728,1373
2320127002,2016-04-16,5057,3.41000008583069,0.0,0.0,3.40000009536743,0,0,195,1245,1724
2347167796,2016-04-16,22244,15.0799999237061,5.44999980926514,4.09999990463257,5.53000020980835,66,72,268,968,2670
2873212765,2016-04-16,9685,6.65000009536743,3.10999989509583,0.0199999995529652,3.50999999046326,47,1,305,1087,2148
3372868164,2016-04-16,6905,4.73000001907349,0.0,0.0,4.69999980926514,0,0,356,1084,1908
3977333714,2016-04-16,13459,9.0,2.02999997138977,4.0,2.97000002861023,31,83,153,663,1625
4020332650,2016-04-16,1982,1.41999995708466,0.449999988079071,0.370000004768372,0.589999973773956,65,21,55,1222,3051
4319703577,2016-04-16,4744,3.1800000667572,0.0,0.0,3.1800000667572,0,0,194,724,1884
4388161847,2016-04-16,6580,5.05999994277954,0.209999993443489,0.400000005960464,4.44999980926514,6,9,253,609,3073
4445114986,2016-04-16,3945,2.65000009536743,0.0,0.0,2.65000009536743,0,0,225,716,2180
4558609924,2016-04-16,7289,4.82000017166138,0.550000011920929,0.75,3.5,8,12,308,1112,1997
4702921684,2016-04-16,11140,9.02999973297119,0.239999994635582,1.25,7.53999996185303,3,24,335,556,3328
5553957443,2016-04-16,5771,3.76999998092651,0.0,0.0,3.76999998092651,0,0,288,521,1831
5577150313,2016-04-16,14269,10.6599998474121,6.6399998664856,1.27999997138977,2.73000001907349,184,56,158,472,4274
6117666160,2016-04-16,14450,10.9099998474121,0.579999983310699,0.850000023841858,9.47999954223633,7,15,518,502,2828
6290855005,2016-04-16,8301,6.28000020980835,0.0,0.0,6.26999998092651,0,0,258,1182,2783
6775888955,2016-04-16,4732,3.39000010490417,2.51999998092651,0.810000002384186,0.0599999986588955,36,18,9,1377,2225
6962181067,2016-04-16,13217,8.73999977111816,3.66000008583069,0.189999997615814,4.88000011444092,50,3,280,741,2173
7007744171,2016-04-16,4631,3.09999990463257,0.0,0.0,3.09999990463257,0,0,203,1155,2076
7086361926,2016-04-16,31,0.00999999977648258,0.0,0.0,0.00999999977648258,0,0,3,1437,1635
8053475328,2016-04-16,14549,11.1099996566772,9.35999965667725,0.270000010728836,1.49000000953674,96,6,83,1255,2867
8253242879,2016-04-16,9256,6.1399998664856,0.430000007152557,3.26999998092651,2.45000004768372,6,51,115,1268,1880
8378563200,2016-04-16,11207,8.89000034332275,5.36999988555908,1.07000005245209,2.44000005722046,64,21,142,563,3363
8583815059,2016-04-16,5319,4.15000009536743,0.0,0.0,0.0,0,0,0,1440,2693
8792009665,2016-04-16,244,0.159999996423721,0.0,0.0,0.159999996423721,0,0,12,1428,1721
8877689391,2016-04-16,29326,25.2900009155273,13.2399997711182,1.21000003814697,10.710000038147,94,29,429,888,4547
1503960366,2016-04-15,9762,6.28000020980835,2.14000010490417,1.25999999046326,2.82999992370605,29,34,209,726,1745
1624580081,2016-04-15,1510,0.980000019073486,0.0,0.0,0.970000028610229,0,0,96,1344,1344
1644430081,2016-04-15,5263,3.82999992370605,0.219999998807907,0.150000005960464,3.45000004768372,3,4,170,1263,2750
1844505072,2016-04-15,3844,2.53999996185303,0.0,0.0,2.53999996185303,0,0,176,527,1725
1927972279,2016-04-15,980,0.680000007152557,0.0,0.0,0.680000007152557,0,0,51,941,2221
2022484408,2016-04-15,11034,8.02999973297119,1.94000005722046,0.310000002384186,5.78000020980835,27,9,282,1122,2525
2026352035,2016-04-15,3821,2.36999988555908,0.0,0.0,2.36999988555908,0,0,188,687,1444
2320127002,2016-04-15,5205,3.50999999046326,0.0,0.0,3.50999999046326,0,0,245,1195,1801
2347167796,2016-04-15,10465,6.92000007629395,0.0700000002980232,1.41999995708466,5.42999982833862,1,24,284,720,2133
2873212765,2016-04-15,8482,5.69999980926514,0.0,0.0,5.69000005722046,0,0,448,992,2063
3372868164,2016-04-15,7451,5.07999992370605,0.0,0.0,5.05999994277954,0,0,335,1105,1908
3977333714,2016-04-15,9010,6.05999994277954,1.04999995231628,1.75,3.25999999046326,15,42,183,644,1468
4020332650,2016-04-15,1882,1.35000002384186,0.209999993443489,0.360000014305115,0.769999980926514,36,18,87,1299,2951
4057192912,2016-04-15,3984,2.95000004768372,0.209999993443489,0.259999990463257,2.44000005722046,3,6,88,873,1527
4319703577,2016-04-15,5664,3.79999995231628,0.0,0.0,3.79999995231628,0,0,228,752,1985
4388161847,2016-04-15,8758,6.73000001907349,0.0,0.0,6.73000001907349,0,0,299,837,3066
4445114986,2016-04-15,7198,4.82999992370605,0.0,0.0,4.82999992370605,0,0,350,711,2496
4558609924,2016-04-15,7795,5.15000009536743,0.589999973773956,0.839999973773956,3.73000001907349,17,30,262,1131,2121
4702921684,2016-04-15,6506,5.28000020980835,0.0700000002980232,0.419999986886978,4.78999996185303,1,8,256,944,2896
5553957443,2016-04-15,16556,10.8599996566772,4.15999984741211,1.98000001907349,4.71000003814697,58,38,239,689,2254
5577150313,2016-04-15,12087,9.07999992370605,3.92000007629395,1.60000002384186,3.55999994277954,115,54,199,695,4005
6117666160,2016-04-15,14019,10.5900001525879,0.0,0.280000001192093,10.3000001907349,0,6,513,921,2865
6290855005,2016-04-15,9501,7.17999982833862,0.0,0.0,7.17000007629395,0,0,328,1112,2896
6775888955,2016-04-15,1282,0.920000016689301,0.0,0.0,0.920000016689301,0,0,58,976,2127
6962181067,2016-04-15,5563,3.6800000667572,0.0,0.0,3.6800000667572,0,0,217,837,1756
7007744171,2016-04-15,5273,3.52999997138977,0.0,0.0,3.52999997138977,0,0,202,1238,2098
7086361926,2016-04-15,8585,5.67000007629395,2.03999996185303,1.11000001430511,2.52999997138977,30,21,139,864,2395
8053475328,2016-04-15,20669,16.2399997711182,13.2600002288818,0.389999985694885,2.58999991416931,132,8,158,1142,3410
8253242879,2016-04-15,2672,1.76999998092651,0.0,0.0,1.75999999046326,0,0,105,1335,1632
8378563200,2016-04-15,14461,11.4700002670288,4.90999984741211,1.14999997615814,5.40999984741211,60,23,190,729,3666
8583815059,2016-04-15,3430,2.6800000667572,0.0,0.0,0.899999976158142,0,0,65,1375,2505
8792009665,2016-04-15,2483,1.5900000333786,0.0,0.0,1.5900000333786,0,0,126,937,2009
8877689391,2016-04-15,13422,7.17000007629395,0.0500000007450581,0.0500000007450581,7.01000022888184,106,1,281,1052,3934
1503960366,2016-04-14,10460,6.73999977111816,2.44000005722046,0.400000005960464,3.91000008583069,30,11,181,1218,1776
1624580081,2016-04-14,9107,5.92000007629395,0.0,0.0,5.90999984741211,0,0,236,1204,1572
1644430081,2016-04-14,11037,8.02000045776367,0.360000014305115,2.55999994277954,5.09999990463257,5,58,252,1125,3226
1844505072,2016-04-14,7937,5.25,0.0,0.0,5.23000001907349,0,0,373,843,2130
1927972279,2016-04-14,2163,1.5,0.0,0.400000005960464,1.10000002384186,0,9,88,1292,2383
2022484408,2016-04-14,10690,7.5,2.48000001907349,0.209999993443489,4.82000017166138,32,3,257,1148,2312
2026352035,2016-04-14,3335,2.0699999332428,0.0,0.0,2.04999995231628,0,0,197,653,1431
2320127002,2016-04-14,3973,2.6800000667572,0.0,0.0,2.6800000667572,0,0,191,1249,1696
2347167796,2016-04-14,10129,6.69999980926514,0.0199999995529652,2.74000000953674,3.94000005722046,1,48,206,705,2010
2873212765,2016-04-14,7910,5.32000017166138,0.0,0.0,5.32000017166138,0,0,331,1109,1893
3372868164,2016-04-14,8844,6.03000020980835,0.340000003576279,1.02999997138977,4.65000009536743,6,25,370,1039,2065
3977333714,2016-04-14,7641,5.1100001335144,0.319999992847443,0.970000028610229,3.8199999332428,5,23,214,801,1433
4020332650,2016-04-14,108,0.0799999982118607,0.0,0.0,0.0299999993294477,0,0,3,1437,2011
4057192912,2016-04-14,0,0.0,0.0,0.0,0.0,0,0,0,1440,1776
4319703577,2016-04-14,10210,6.88000011444092,0.109999999403954,0.330000013113022,6.44000005722046,1,9,339,589,2302
4388161847,2016-04-14,8863,6.82000017166138,0.129999995231628,1.07000005245209,5.61999988555908,10,35,219,945,2998
4445114986,2016-04-14,3974,2.67000007629395,0.0,0.0,2.67000007629395,0,0,231,717,2194
4558609924,2016-04-14,6799,4.48999977111816,0.0,0.0,4.48999977111816,0,0,279,1161,1922
4702921684,2016-04-14,7860,6.36999988555908,0.0,0.0,6.36999988555908,0,0,271,772,2984
5553957443,2016-04-14,17022,11.1199998855591,4.0,2.45000004768372,4.67000007629395,61,41,256,693,2324
5577150313,2016-04-14,8596,6.42000007629395,3.32999992370605,0.310000002384186,2.77999997138977,118,30,176,662,4022
6117666160,2016-04-14,0,0.0,0.0,0.0,0.0,0,0,0,1440,1496
6290855005,2016-04-14,7671,5.80000019073486,0.0,0.0,5.76999998092651,0,0,363,1077,2952
6775888955,2016-04-14,5162,3.70000004768372,0.870000004768372,0.860000014305115,1.97000002861023,14,24,105,863,2507
6962181067,2016-04-14,1551,1.02999997138977,0.0,0.0,1.02999997138977,0,0,86,862,1466
7007744171,2016-04-14,11179,8.23999977111816,2.95000004768372,0.340000003576279,4.96000003814697,34,6,304,1096,2668
7086361926,2016-04-14,9123,6.11999988555908,2.02999997138977,0.330000013113022,3.66000008583069,35,32,189,787,2734
8053475328,2016-04-14,20159,15.9700002670288,12.3400001525879,0.209999993443489,3.35999989509583,119,5,193,1123,3411
8253242879,2016-04-14,5234,3.46000003814697,1.92999994754791,0.990000009536743,0.540000021457672,29,16,33,1362,1705
8378563200,2016-04-14,13318,10.5600004196167,5.61999988555908,1.02999997138977,3.91000008583069,123,21,174,699,4163
8583815059,2016-04-14,3135,2.45000004768372,0.0,0.0,2.4300000667572,0,0,134,1306,2443
8792009665,2016-04-14,1219,0.779999971389771,0.0,0.0,0.779999971389771,0,0,84,853,1963
8877689391,2016-04-14,21129,18.9799995422363,10.5500001907349,0.589999973773956,7.75,68,13,298,1061,3793
1503960366,2016-04-13,10735,6.96999979019165,1.57000005245209,0.689999997615814,4.71000003814697,21,19,217,776,1797
1624580081,2016-04-13,7007,4.55000019073486,0.0,0.0,4.55000019073486,0,0,148,1292,1411
1644430081,2016-04-13,8001,5.82000017166138,2.27999997138977,0.899999976158142,2.64000010490417,30,16,135,1259,2902
1844505072,2016-04-13,4929,3.25999999046326,0.0,0.0,3.25999999046326,0,0,248,1192,1860
1927972279,2016-04-13,356,0.25,0.0,0.0,0.25,0,0,32,986,2151
2022484408,2016-04-13,12024,8.5,2.99000000953674,0.100000001490116,5.40999984741211,43,5,292,1100,2601
2026352035,2016-04-13,4993,3.09999990463257,0.0,0.0,3.09999990463257,0,0,238,663,1521
2320127002,2016-04-13,7275,4.90000009536743,0.0,0.0,4.90000009536743,0,0,335,1105,2003
2347167796,2016-04-13,10352,7.01000022888184,1.6599999666214,1.94000005722046,3.41000008583069,19,32,195,676,2038
2873212765,2016-04-13,7618,5.11999988555908,0.0,0.219999998807907,4.88000011444092,0,8,404,1028,2004
3372868164,2016-04-13,9715,6.63000011444092,0.990000009536743,0.340000003576279,5.26999998092651,16,8,371,1045,2093
3977333714,2016-04-13,10035,6.71000003814697,2.02999997138977,2.13000011444092,2.54999995231628,31,46,153,754,1495
4020332650,2016-04-13,0,0.0,0.0,0.0,0.0,0,0,0,1440,1981
4057192912,2016-04-13,5974,4.46999979019165,0.0,0.0,4.36999988555908,0,0,160,1280,2306
4319703577,2016-04-13,8204,5.5,0.529999971389771,0.589999973773956,1.30999994277954,8,15,96,1234,2135
4388161847,2016-04-13,10993,8.44999980926514,0.0599999986588955,0.629999995231628,3.88000011444092,1,14,150,1275,3092
4445114986,2016-04-13,2961,1.99000000953674,0.0,0.0,1.99000000953674,0,0,194,840,2095
4558609924,2016-04-13,4978,3.28999996185303,1.24000000953674,0.439999997615814,1.61000001430511,19,7,127,1287,1722
4702921684,2016-04-13,6877,5.57999992370605,0.0,0.0,5.57999992370605,0,0,258,777,2898
5553957443,2016-04-13,4832,3.16000008583069,0.0,0.0,3.16000008583069,0,0,226,647,1718
5577150313,2016-04-13,5077,3.78999996185303,0.319999992847443,0.219999998807907,3.25,15,11,144,776,2551
6117666160,2016-04-13,0,0.0,0.0,0.0,0.0,0,0,0,1440,1496
6290855005,2016-04-13,7142,5.40000009536743,0.0,0.0,5.3899998664856,0,0,350,1090,2905
6775888955,2016-04-13,4053,2.91000008583069,1.11000001430511,0.579999983310699,1.22000002861023,17,18,85,1053,2400
6962181067,2016-04-13,5652,3.74000000953674,0.569999992847443,1.21000003814697,1.96000003814697,8,24,142,548,1718
7007744171,2016-04-13,12862,9.64999961853027,4.6100001335144,0.560000002384186,4.48000001907349,56,22,261,1101,2742
7086361926,2016-04-13,5813,3.61999988555908,0.560000002384186,0.209999993443489,2.83999991416931,31,26,155,744,2516
8053475328,2016-04-13,16433,13.3500003814697,10.4300003051758,0.469999998807907,2.45000004768372,95,12,156,1177,3140
8253242879,2016-04-13,8053,6.09999990463257,4.17000007629395,0.629999995231628,1.30999994277954,35,11,96,1298,1935
8378563200,2016-04-13,12386,9.81999969482422,4.96000003814697,0.649999976158142,4.21000003814697,116,14,169,680,4079
8583815059,2016-04-13,5571,4.34999990463257,0.150000005960464,0.970000028610229,3.23000001907349,2,23,163,1252,2654
8792009665,2016-04-13,1320,0.839999973773956,0.0,0.0,0.839999973773956,0,0,82,806,1934
8877689391,2016-04-13,15337,9.57999992370605,3.54999995231628,0.379999995231628,5.6399998664856,108,18,216,1098,3566
1503960366,2016-04-12,13162,8.5,1.87999999523163,0.550000011920929,6.05999994277954,25,13,328,728,1985
1624580081,2016-04-12,8163,5.30999994277954,0.0,0.0,5.30999994277954,0,0,146,1294,1432
1644430081,2016-04-12,10694,7.76999998092651,0.140000000596046,2.29999995231628,5.32999992370605,2,51,256,1131,3199
1844505072,2016-04-12,6697,4.42999982833862,0.0,0.0,4.42999982833862,0,0,339,1101,2030
1927972279,2016-04-12,678,0.469999998807907,0.0,0.0,0.469999998807907,0,0,55,734,2220
2022484408,2016-04-12,11875,8.34000015258789,3.30999994277954,0.769999980926514,4.26000022888184,42,14,227,1157,2390
2026352035,2016-04-12,4414,2.74000000953674,0.189999997615814,0.349999994039536,2.20000004768372,3,8,181,706,1459
2320127002,2016-04-12,10725,7.48999977111816,1.16999995708466,0.310000002384186,6.01000022888184,13,9,306,1112,2124
2347167796,2016-04-12,10113,6.82999992370605,2.0,0.620000004768372,4.19999980926514,28,13,320,964,2344
2873212765,2016-04-12,8796,5.90999984741211,0.109999999403954,0.930000007152557,4.88000011444092,2,21,356,1061,1982
3372868164,2016-04-12,4747,3.24000000953674,0.0,0.0,3.23000001907349,0,0,280,1160,1788
3977333714,2016-04-12,8856,5.98000001907349,3.05999994277954,0.910000026226044,2.00999999046326,44,19,131,777,1450
4020332650,2016-04-12,8539,6.11999988555908,0.150000005960464,0.239999994635582,5.67999982833862,4,15,331,712,3654
4057192912,2016-04-12,5394,4.03000020980835,0.0,0.0,3.94000005722046,0,0,164,1276,2286
4319703577,2016-04-12,7753,5.19999980926514,0.0,0.0,0.0,0,0,0,1440,2115
4388161847,2016-04-12,10122,7.78000020980835,0.0,0.0,0.0,0,0,0,1440,2955
4445114986,2016-04-12,3276,2.20000004768372,0.0,0.0,2.20000004768372,0,0,196,787,2113
4558609924,2016-04-12,5135,3.39000010490417,0.0,0.0,3.39000010490417,0,0,318,1122,1909
4702921684,2016-04-12,7213,5.88000011444092,0.0,0.0,5.84999990463257,0,0,263,718,2947
5553957443,2016-04-12,11596,7.57000017166138,1.37000000476837,0.790000021457672,5.40999984741211,19,13,277,767,2026
5577150313,2016-04-12,8135,6.07999992370605,3.59999990463257,0.379999995231628,2.09999990463257,86,16,140,728,3405
6117666160,2016-04-12,0,0.0,0.0,0.0,0.0,0,0,0,1440,1496
6290855005,2016-04-12,4562,3.45000004768372,0.0,0.0,3.45000004768372,0,0,199,1241,2560
6775888955,2016-04-12,0,0.0,0.0,0.0,0.0,0,0,0,1440,1841
6962181067,2016-04-12,10199,6.73999977111816,3.40000009536743,0.829999983310699,2.50999999046326,50,14,189,796,1994
7007744171,2016-04-12,14172,10.289999961853,4.5,0.379999995231628,5.40999984741211,53,8,355,1024,2937
7086361926,2016-04-12,11317,8.40999984741211,5.26999998092651,0.150000005960464,2.97000002861023,59,6,153,745,2772
8053475328,2016-04-12,18060,14.1199998855591,11.6400003433228,0.389999985694885,2.09999990463257,116,8,123,1193,3186
8253242879,2016-04-12,9033,7.15999984741211,5.42999982833862,0.140000000596046,1.5900000333786,40,2,154,1244,2044
8378563200,2016-04-12,7626,6.05000019073486,0.829999983310699,0.709999978542328,4.5,65,15,156,723,3635
8583815059,2016-04-12,5014,3.91000008583069,0.0,0.330000013113022,3.57999992370605,0,7,196,1237,2650
8792009665,2016-04-12,2564,1.63999998569489,0.0,0.0,1.63999998569489,0,0,116,831,2044
8877689391,2016-04-12,23186,20.3999996185303,12.2200002670288,0.340000003576279,7.82000017166138,85,7,312,1036,3921