id,activity_date,total_steps,total_distance,sedentary_minutes,calories,total_sleep_records,total_minutes_asleep,total_time_in_bed,total_hours_asleep,total_hours_in_bed,weight_kg,weight_pounds,bmi,is_manual_report
1503960366,2016-04-12,13162,8.5,728,1985,1,327,346,5.4499998092651367,5.7699999809265137,,,,
1503960366,2016-04-13,10735,6.9699997901916504,776,1797,2,384,407,6.4000000953674316,6.7800002098083496,,,,
1503960366,2016-04-15,9762,6.2800002098083496,726,1745,1,412,442,6.869999885559082,7.369999885559082,,,,
1503960366,2016-04-16,12669,8.1599998474121094,773,1863,2,340,367,5.6700000762939453,6.119999885559082,,,,
1503960366,2016-04-17,9705,6.4800000190734863,539,1728,1,700,712,11.670000076293945,11.869999885559082,,,,
1503960366,2016-04-19,15506,9.880000114440918,775,2035,1,304,320,5.070000171661377,5.3299999237060547,,,,
1503960366,2016-04-20,10544,6.679999828338623,818,1786,1,360,377,6,6.2800002098083496,,,,
1503960366,2016-04-21,9819,6.3400001525878906,838,1775,1,325,364,5.4200000762939453,6.070000171661377,,,,
1503960366,2016-04-23,14371,9.0399999618530273,732,1949,1,361,384,6.0199999809265137,6.4000000953674316,,,,
1503960366,2016-04-24,10039,6.4099998474121094,709,1788,1,430,449,7.1700000762939453,7.4800000190734863,,,,
1503960366,2016-04-25,15355,9.8000001907348633,814,2013,1,277,323,4.619999885559082,5.380000114440918,,,,
1503960366,2016-04-26,13755,8.7899999618530273,833,1970,1,245,274,4.0799999237060547,4.570000171661377,,,,
1503960366,2016-04-28,13154,8.5299997329711914,782,1898,1,366,393,6.0999999046325684,6.5500001907348633,,,,
1503960366,2016-04-29,11181,7.1500000953674316,815,1837,1,341,354,5.679999828338623,5.9000000953674316,,,,
1503960366,2016-04-30,14673,9.25,712,1947,1,404,425,6.7300000190734863,7.0799999237060547,,,,
1503960366,2016-05-01,10602,6.809999942779541,730,1820,1,369,396,6.1500000953674316,6.5999999046325684,,,,
1503960366,2016-05-02,14727,9.7100000381469727,798,2004,1,277,309,4.619999885559082,5.1500000953674316,52.599998474121094,115.96315002441406,22.649999618530273,True
1503960366,2016-05-03,15103,9.6599998474121094,816,1990,1,273,296,4.5500001907348633,4.929999828338623,52.599998474121094,115.96315002441406,22.649999618530273,True
1503960366,2016-05-05,14070,8.8999996185302734,857,1959,1,247,264,4.119999885559082,4.4000000953674316,,,,
1503960366,2016-05-06,12159,8.0299997329711914,754,1896,1,334,367,5.570000171661377,6.119999885559082,,,,
1503960366,2016-05-07,11992,7.7100000381469727,833,1821,1,331,349,5.5199999809265137,5.820000171661377,,,,
1503960366,2016-05-08,10060,6.5799999237060547,574,1740,1,594,611,9.8999996185302734,10.180000305175781,,,,
1503960366,2016-05-09,12022,7.7199997901916504,835,1819,1,338,342,5.630000114440918,5.6999998092651367,,,,
1503960366,2016-05-10,12207,7.7699999809265137,746,1859,1,383,403,6.380000114440918,6.7199997901916504,,,,
1503960366,2016-05-11,12770,8.130000114440918,669,1783,1,285,306,4.75,5.0999999046325684,,,,
1644430081,2016-04-29,3176,2.309999942779541,1193,2498,1,119,127,1.9800000190734863,2.119999885559082,,,,
1644430081,2016-04-30,18213,13.239999771118164,816,3846,1,124,142,2.0699999332427979,2.369999885559082,,,,
1644430081,2016-05-02,3758,2.7300000190734863,682,2580,1,796,961,13.270000457763672,16.020000457763672,,,,
1644430081,2016-05-08,6724,4.8899998664855957,991,2987,1,137,154,2.2799999713897705,2.5699999332427979,,,,
1844505072,2016-04-15,3844,2.5399999618530273,527,1725,1,644,961,10.729999542236328,16.020000457763672,,,,
1844505072,2016-04-30,4014,2.6700000762939453,218,1763,1,722,961,12.029999732971191,16.020000457763672,,,,
1844505072,2016-05-01,2573,1.7000000476837158,585,1541,1,590,961,9.8299999237060547,16.020000457763672,,,,
1927972279,2016-04-12,678,0.4699999988079071,734,2220,3,750,775,12.5,12.920000076293945,,,,
1927972279,2016-04-13,356,0.25,986,2151,1,398,422,6.630000114440918,7.0300002098083496,133.5,294.31710815429688,47.540000915527344,False
1927972279,2016-04-15,980,0.68000000715255737,941,2221,2,475,499,7.9200000762939453,8.3199996948242188,,,,
1927972279,2016-04-26,3761,2.5999999046325684,1058,2638,1,296,315,4.929999828338623,5.25,,,,
1927972279,2016-04-28,1675,1.1599999666213989,1167,2351,1,166,178,2.7699999809265137,2.9700000286102295,,,,
2026352035,2016-04-12,4414,2.7400000095367432,706,1459,1,503,546,8.380000114440918,9.1000003814697266,,,,
2026352035,2016-04-13,4993,3.0999999046325684,663,1521,1,531,565,8.8500003814697266,9.4200000762939453,,,,
2026352035,2016-04-14,3335,2.0699999332427979,653,1431,1,545,568,9.0799999237060547,9.4700002670288086,,,,
2026352035,2016-04-15,3821,2.369999885559082,687,1444,1,523,573,8.7200002670288086,9.5500001907348633,,,,
2026352035,2016-04-16,2547,1.5800000429153442,728,1373,1,524,567,8.7299995422363281,9.4499998092651367,,,,
2026352035,2016-04-17,838,0.51999998092651367,1053,1214,1,437,498,7.2800002098083496,8.3000001907348633,,,,
2026352035,2016-04-19,2424,1.5,785,1356,1,498,540,8.3000001907348633,9,,,,
2026352035,2016-04-20,7222,4.4800000190734863,623,1667,1,461,510,7.679999828338623,8.5,,,,
2026352035,2016-04-21,2467,1.5299999713897705,749,1370,1,477,514,7.9499998092651367,8.5699996948242188,,,,
2026352035,2016-04-22,2915,1.809999942779541,712,1399,1,520,545,8.6700000762939453,9.0799999237060547,,,,
2026352035,2016-04-23,12357,7.7100000381469727,458,1916,1,522,554,8.6999998092651367,9.2299995422363281,,,,
2026352035,2016-04-24,3490,2.1600000858306885,704,1401,1,555,591,9.25,9.8500003814697266,,,,
2026352035,2016-04-25,6017,3.7300000190734863,821,1576,1,506,531,8.4300003051757813,8.8500003814697266,,,,
2026352035,2016-04-27,6088,3.7699999809265137,586,1593,1,508,545,8.4700002670288086,9.0799999237060547,,,,
2026352035,2016-04-28,6375,3.9500000476837158,626,1649,1,513,545,8.5500001907348633,9.0799999237060547,,,,
2026352035,2016-04-29,7604,4.7100000381469727,492,1692,1,490,510,8.1700000762939453,8.5,,,,
2026352035,2016-04-30,4729,2.9300000667572021,594,1506,1,573,607,9.5500001907348633,10.119999885559082,,,,
2026352035,2016-05-01,3609,2.2799999713897705,716,1447,1,527,546,8.7799997329711914,9.1000003814697266,,,,
2026352035,2016-05-02,7018,4.3499999046325684,716,1690,1,511,543,8.5200004577636719,9.0500001907348633,,,,
2026352035,2016-05-04,6564,4.070000171661377,530,1658,1,538,560,8.9700002670288086,9.3299999237060547,,,,
2026352035,2016-05-05,12167,7.5399999618530273,479,1926,1,468,485,7.8000001907348633,8.0799999237060547,,,,
2026352035,2016-05-06,8198,5.0799999237060547,511,1736,1,524,548,8.7299995422363281,9.130000114440918,,,,
2026352035,2016-05-07,4193,2.5999999046325684,665,1491,1,511,521,8.5200004577636719,8.6800003051757813,,,,
2026352035,2016-05-08,5528,3.4500000476837158,610,1555,1,541,568,9.0200004577636719,9.4700002670288086,,,,
2026352035,2016-05-09,10685,6.619999885559082,543,1869,1,531,556,8.8500003814697266,9.2700004577636719,,,,
2026352035,2016-05-10,254,0.15999999642372131,1002,1141,1,357,380,5.9499998092651367,6.3299999237060547,,,,
2026352035,2016-05-11,8580,5.320000171661377,569,1698,1,523,553,8.7200002670288086,9.2200002670288086,,,,
2026352035,2016-05-12,8891,5.5100002288818359,330,1364,1,456,485,7.5999999046325684,8.0799999237060547,,,,
2320127002,2016-04-23,5079,3.4200000762939453,1129,1804,1,61,69,1.0199999809265137,1.1499999761581421,,,,
2347167796,2016-04-13,10352,7.0100002288818359,676,2038,1,467,531,7.7800002098083496,8.8500003814697266,,,,
2347167796,2016-04-14,10129,6.6999998092651367,705,2010,1,445,489,7.4200000762939453,8.1499996185302734,,,,
2347167796,2016-04-15,10465,6.9200000762939453,720,2133,1,452,504,7.5300002098083496,8.3999996185302734,,,,
2347167796,2016-04-17,5472,3.619999885559082,508,1882,1,556,602,9.2700004577636719,10.029999732971191,,,,
2347167796,2016-04-18,8247,5.4499998092651367,678,1944,1,500,557,8.3299999237060547,9.2799997329711914,,,,
2347167796,2016-04-19,6711,4.440000057220459,648,2346,1,465,514,7.75,8.5699996948242188,,,,
2347167796,2016-04-21,10080,6.75,761,2048,1,460,484,7.6700000762939453,8.0699996948242188,,,,
2347167796,2016-04-22,7804,5.1599998474121094,781,1946,1,405,461,6.75,7.679999828338623,,,,
2347167796,2016-04-23,16901,11.369999885559082,591,2629,1,374,386,6.2300000190734863,6.429999828338623,,,,
2347167796,2016-04-24,9471,6.2600002288818359,584,2187,1,442,459,7.369999885559082,7.6500000953674316,,,,
2347167796,2016-04-25,9482,6.380000114440918,653,2095,1,433,471,7.2199997901916504,7.8499999046325684,,,,
2347167796,2016-04-26,5980,3.9500000476837158,732,1861,1,436,490,7.2699999809265137,8.1700000762939453,,,,
2347167796,2016-04-27,11423,7.5799999237060547,623,2194,1,448,499,7.4699997901916504,8.3199996948242188,,,,
2347167796,2016-04-28,5439,3.5999999046325684,764,1854,1,408,450,6.8000001907348633,7.5,,,,
2347167796,2016-04-29,42,2.9999999329447746E-2,2,403,1,411,473,6.8499999046325684,7.880000114440918,,,,
3977333714,2016-04-12,8856,5.9800000190734863,777,1450,1,274,469,4.570000171661377,7.820000171661377,,,,
3977333714,2016-04-13,10035,6.7100000381469727,754,1495,2,295,456,4.9200000762939453,7.5999999046325684,,,,
3977333714,2016-04-14,7641,5.1100001335144043,801,1433,1,291,397,4.8499999046325684,6.619999885559082,,,,
3977333714,2016-04-15,9010,6.059999942779541,644,1468,1,424,556,7.070000171661377,9.2700004577636719,,,,
3977333714,2016-04-16,13459,9,663,1625,1,283,510,4.7199997901916504,8.5,,,,
3977333714,2016-04-17,10415,6.9699997901916504,600,1529,1,381,566,6.3499999046325684,9.4300003051757813,,,,
3977333714,2016-04-18,11663,7.8000001907348633,605,1584,2,412,522,6.869999885559082,8.6999998092651367,,,,
3977333714,2016-04-19,12414,8.7799997329711914,738,1638,1,219,395,3.6500000953674316,6.5799999237060547,,,,
3977333714,2016-04-20,11658,7.8299999237060547,845,1554,2,152,305,2.5299999713897705,5.0799999237060547,,,,
3977333714,2016-04-21,6093,4.0799999237060547,712,1397,1,332,512,5.5300002098083496,8.5299997329711914,,,,
3977333714,2016-04-22,8911,5.9600000381469727,731,1481,1,355,476,5.9200000762939453,7.929999828338623,,,,
3977333714,2016-04-23,12058,8.0699996948242188,724,1638,1,235,372,3.9200000762939453,6.1999998092651367,,,,
3977333714,2016-04-24,14112,10,660,1655,1,310,526,5.1700000762939453,8.7700004577636719,,,,
3977333714,2016-04-25,11177,8.4799995422363281,781,1570,1,262,467,4.369999885559082,7.7800002098083496,,,,
3977333714,2016-04-26,11388,7.619999885559082,797,1551,1,250,371,4.1700000762939453,6.179999828338623,,,,
3977333714,2016-04-27,7193,5.0399999618530273,714,1377,1,349,540,5.820000171661377,9,,,,
3977333714,2016-04-28,7114,4.880000114440918,804,1407,1,261,423,4.3499999046325684,7.0500001907348633,,,,
3977333714,2016-04-29,10645,7.75,744,1545,1,333,478,5.5500001907348633,7.9699997901916504,,,,
3977333714,2016-04-30,13238,9.1999998092651367,687,1650,1,237,382,3.9500000476837158,6.369999885559082,,,,
3977333714,2016-05-01,10414,7.070000171661377,691,1501,1,383,626,6.380000114440918,10.430000305175781,,,,
3977333714,2016-05-02,16520,11.050000190734863,713,1760,1,230,384,3.8299999237060547,6.4000000953674316,,,,
3977333714,2016-05-03,14335,9.5900001525878906,594,1710,1,292,500,4.869999885559082,8.3299999237060547,,,,
3977333714,2016-05-04,13559,9.4399995803833008,852,1628,1,213,336,3.5499999523162842,5.5999999046325684,,,,
3977333714,2016-05-05,12312,8.5799999237060547,680,1618,1,318,480,5.3000001907348633,8,,,,
3977333714,2016-05-06,11677,8.2799997329711914,676,1590,1,323,512,5.380000114440918,8.5299997329711914,,,,
3977333714,2016-05-07,11550,7.7300000190734863,703,1574,1,237,443,3.9500000476837158,7.380000114440918,,,,
3977333714,2016-05-08,13585,9.0900001525878906,688,1633,2,259,456,4.320000171661377,7.5999999046325684,,,,
3977333714,2016-05-10,13072,8.7799997329711914,676,1630,1,312,452,5.1999998092651367,7.5300002098083496,,,,
4020332650,2016-04-12,8539,6.119999885559082,712,3654,1,501,541,8.3500003814697266,9.0200004577636719,,,,
4020332650,2016-04-16,1982,1.4199999570846558,1222,3051,1,77,77,1.2799999713897705,1.2799999713897705,,,,
4020332650,2016-05-03,4496,3.2200000286102295,950,2828,1,322,332,5.369999885559082,5.5300002098083496,,,,
4020332650,2016-05-04,10252,7.3499999046325684,531,3879,1,478,536,7.9699997901916504,8.9300003051757813,,,,
4020332650,2016-05-05,11728,8.4300003051757813,916,3429,1,226,248,3.7699999809265137,4.130000114440918,,,,
4020332650,2016-05-06,4369,3.130000114440918,855,2704,1,385,408,6.4200000762939453,6.8000001907348633,,,,
4020332650,2016-05-08,5862,4.1999998092651367,775,3089,1,364,402,6.070000171661377,6.6999998092651367,,,,
4020332650,2016-05-10,5546,3.9800000190734863,774,2926,1,442,494,7.369999885559082,8.2299995422363281,,,,
4319703577,2016-04-14,10210,6.880000114440918,589,2302,1,535,557,8.9200000762939453,9.2799997329711914,,,,
4319703577,2016-04-15,5664,3.7999999523162842,752,1985,1,465,491,7.75,8.1800003051757813,,,,
4319703577,2016-04-16,4744,3.1800000667572021,724,1884,1,506,522,8.4300003051757813,8.6999998092651367,,,,
4319703577,2016-04-18,2276,1.5499999523162842,824,1632,1,515,551,8.5799999237060547,9.1800003051757813,,,,
4319703577,2016-04-19,8925,5.9899997711181641,604,2200,2,461,498,7.679999828338623,8.3000001907348633,,,,
4319703577,2016-04-20,8954,6.0100002288818359,671,2220,1,523,543,8.7200002670288086,9.0500001907348633,,,,
4319703577,2016-04-21,3702,2.4800000190734863,1265,1792,1,59,65,0.98000001907348633,1.0800000429153442,,,,
4319703577,2016-04-22,4500,3.0199999809265137,709,1886,1,533,550,8.880000114440918,9.1700000762939453,,,,
4319703577,2016-04-23,4935,3.309999942779541,546,1945,1,692,722,11.529999732971191,12.029999732971191,,,,
4319703577,2016-04-24,4081,2.7400000095367432,692,1880,1,467,501,7.7800002098083496,8.3500003814697266,,,,
4319703577,2016-04-25,9259,6.2100000381469727,544,2314,1,488,506,8.130000114440918,8.4300003051757813,,,,
4319703577,2016-04-26,9899,6.6399998664855957,649,2236,1,505,516,8.4200000762939453,8.6000003814697266,,,,
4319703577,2016-04-27,10780,7.2300000190734863,680,2324,1,286,307,4.7699999809265137,5.119999885559082,,,,
4319703577,2016-04-28,10817,7.2800002098083496,552,2367,1,497,522,8.2799997329711914,8.6999998092651367,,,,
4319703577,2016-04-29,7990,5.3600001335144043,624,2175,1,523,546,8.7200002670288086,9.1000003814697266,,,,
4319703577,2016-04-30,8221,5.5199999809265137,695,2092,1,490,516,8.1700000762939453,8.6000003814697266,,,,
4319703577,2016-05-01,1251,0.8399999737739563,836,1593,1,484,500,8.0699996948242188,8.3299999237060547,,,,
4319703577,2016-05-02,9261,6.2399997711181641,585,2270,1,478,506,7.9699997901916504,8.4300003051757813,,,,
4319703577,2016-05-03,9648,6.4699997901916504,669,2235,1,474,512,7.9000000953674316,8.5299997329711914,,,,
4319703577,2016-05-06,9524,6.4200000762939453,692,2266,1,450,491,7.5,8.1800003051757813,,,,
4319703577,2016-05-07,7937,5.3299999237060547,586,2158,1,507,530,8.4499998092651367,8.8299999237060547,,,,
4319703577,2016-05-08,3672,2.4600000381469727,603,1792,1,602,638,10.029999732971191,10.630000114440918,,,,
4319703577,2016-05-09,10378,6.9600000381469727,490,2345,1,535,565,8.9200000762939453,9.4200000762939453,,,,
4319703577,2016-05-10,9487,6.369999885559082,555,2260,1,487,517,8.119999885559082,8.619999885559082,,,,
4319703577,2016-05-11,9129,6.130000114440918,574,2232,1,529,558,8.8199996948242188,9.3000001907348633,,,,
4319703577,2016-05-12,17,9.9999997764825821E-3,0,257,1,302,321,5.0300002098083496,5.3499999046325684,,,,
4388161847,2016-04-15,8758,6.7300000190734863,837,3066,1,499,526,8.3199996948242188,8.7700004577636719,,,,
4388161847,2016-04-16,6580,5.059999942779541,609,3073,2,426,448,7.0999999046325684,7.4699997901916504,,,,
4388161847,2016-04-17,4660,3.5799999237060547,721,2572,2,619,641,10.319999694824219,10.680000305175781,,,,
4388161847,2016-04-18,11009,9.1000003814697266,1017,3274,1,99,104,1.6499999761581421,1.7300000190734863,,,,
4388161847,2016-04-19,10181,7.8299999237060547,704,3015,1,329,338,5.4800000190734863,5.630000114440918,,,,
4388161847,2016-04-20,10553,8.119999885559082,696,3083,1,421,451,7.0199999809265137,7.5199999809265137,,,,
4388161847,2016-04-21,10055,7.7300000190734863,853,3069,1,442,458,7.369999885559082,7.630000114440918,,,,
4388161847,2016-04-22,12139,9.3400001525878906,945,3544,1,82,85,1.3700000047683716,1.4199999570846558,,,,
4388161847,2016-04-23,13236,10.180000305175781,749,3306,1,478,501,7.9699997901916504,8.3500003814697266,,,,
4388161847,2016-04-24,10243,7.880000114440918,584,2885,3,552,595,9.1999998092651367,9.9200000762939453,,,,
4388161847,2016-04-26,9461,7.2800002098083496,673,2929,1,319,346,5.320000171661377,5.7699999809265137,,,,
4388161847,2016-04-27,11193,8.6099996566772461,684,3074,1,439,500,7.320000171661377,8.3299999237060547,,,,
4388161847,2016-04-28,10074,7.75,878,2969,1,428,458,7.130000114440918,7.630000114440918,,,,
4388161847,2016-04-30,12533,9.6400003433227539,537,3283,2,409,430,6.820000171661377,7.1700000762939453,,,,
4388161847,2016-05-01,10255,7.8899998664855957,579,2926,1,547,597,9.119999885559082,9.9499998092651367,,,,
4388161847,2016-05-02,10096,8.3999996185302734,935,3147,2,368,376,6.130000114440918,6.2699999809265137,,,,
4388161847,2016-05-04,12375,9.5200004577636719,632,3162,1,390,414,6.5,6.9000000953674316,,,,
4388161847,2016-05-05,9603,7.380000114440918,896,2899,1,471,495,7.8499999046325684,8.25,,,,
4388161847,2016-05-07,22770,17.540000915527344,508,4022,1,472,496,7.869999885559082,8.2700004577636719,,,,
4388161847,2016-05-08,17298,14.380000114440918,576,3934,2,529,541,8.8199996948242188,9.0200004577636719,,,,
4388161847,2016-05-09,10218,7.8600001335144043,1020,3013,1,62,65,1.0299999713897705,1.0800000429153442,,,,
4388161847,2016-05-10,10299,7.9200000762939453,648,3061,1,354,375,5.9000000953674316,6.25,,,,
4388161847,2016-05-11,10201,7.8400001525878906,858,2954,1,469,494,7.820000171661377,8.2299995422363281,,,,
4445114986,2016-04-12,3276,2.2000000476837158,787,2113,2,429,457,7.1500000953674316,7.619999885559082,,,,
4445114986,2016-04-13,2961,1.9900000095367432,840,2095,2,370,406,6.1700000762939453,6.7699999809265137,,,,
4445114986,2016-04-14,3974,2.6700000762939453,717,2194,1,441,492,7.3499999046325684,8.1999998092651367,,,,
4445114986,2016-04-15,7198,4.8299999237060547,711,2496,2,337,379,5.619999885559082,6.320000171661377,,,,
4445114986,2016-04-16,3945,2.6500000953674316,716,2180,1,462,499,7.6999998092651367,8.3199996948242188,,,,
4445114986,2016-04-17,2268,1.5199999809265137,1219,1933,1,98,107,1.6299999952316284,1.7799999713897705,,,,
4445114986,2016-04-19,2064,1.3899999856948853,895,1954,2,388,424,6.4699997901916504,7.070000171661377,,,,
4445114986,2016-04-20,2072,1.3899999856948853,841,1974,1,439,462,7.320000171661377,7.6999998092651367,,,,
4445114986,2016-04-21,3809,2.559999942779541,756,2150,1,436,469,7.2699999809265137,7.820000171661377,,,,
4445114986,2016-04-22,6831,4.5799999237060547,706,2432,1,388,417,6.4699997901916504,6.9499998092651367,,,,
4445114986,2016-04-25,3385,2.2699999809265137,916,2070,1,328,345,5.4699997901916504,5.75,,,,
4445114986,2016-04-26,6326,4.4099998474121094,839,2291,2,353,391,5.880000114440918,6.5199999809265137,,,,
4445114986,2016-04-27,7243,5.0300002098083496,839,2361,1,332,374,5.5300002098083496,6.2300000190734863,,,,
4445114986,2016-04-28,4493,3.0099999904632568,762,2203,1,419,442,6.9800000190734863,7.369999885559082,,,,
4445114986,2016-04-29,4676,3.1400001049041748,1106,2196,1,106,108,1.7699999809265137,1.7999999523162842,,,,
4445114986,2016-04-30,6222,4.179999828338623,797,2363,1,322,353,5.369999885559082,5.880000114440918,,,,
4445114986,2016-05-01,5232,3.5099999904632568,741,2246,2,439,459,7.320000171661377,7.6500000953674316,,,,
4445114986,2016-05-02,6910,4.75,667,2336,1,502,542,8.369999885559082,9.0299997329711914,,,,
4445114986,2016-05-03,7502,5.179999828338623,725,2421,2,417,450,6.9499998092651367,7.5,,,,
4445114986,2016-05-04,2923,1.9600000381469727,897,2070,2,337,363,5.619999885559082,6.0500001907348633,,,,
4445114986,2016-05-05,3800,2.5499999523162842,734,2120,2,462,513,7.6999998092651367,8.5500001907348633,,,,
4445114986,2016-05-06,4514,3.0299999713897705,809,2211,2,374,402,6.2300000190734863,6.6999998092651367,,,,
4445114986,2016-05-07,5183,3.5899999141693115,866,2123,2,401,436,6.679999828338623,7.2699999809265137,,,,
4445114986,2016-05-08,7303,4.9000000953674316,733,2423,1,361,391,6.0199999809265137,6.5199999809265137,,,,
4445114986,2016-05-09,5275,3.5399999618530273,641,2281,1,457,533,7.619999885559082,8.880000114440918,,,,
4445114986,2016-05-10,3915,2.630000114440918,783,2181,1,405,426,6.75,7.0999999046325684,,,,
4445114986,2016-05-11,9105,6.1100001335144043,622,2499,1,499,530,8.3199996948242188,8.8299999237060547,,,,
4445114986,2016-05-12,768,0.51999998092651367,380,1212,1,483,501,8.0500001907348633,8.3500003814697266,,,,
4558609924,2016-04-21,13743,9.0799999237060547,844,2486,1,126,137,2.0999999046325684,2.2799999713897705,,,,
4558609924,2016-04-26,9148,6.0500001907348633,1062,2223,1,103,121,1.7200000286102295,2.0199999809265137,,,,
4558609924,2016-04-29,7833,5.179999828338623,1096,1918,1,171,179,2.8499999046325684,2.9800000190734863,,,,
4558609924,2016-05-01,3428,2.2699999809265137,1121,1692,1,115,129,1.9199999570846558,2.1500000953674316,69.900001525878906,154.10311889648438,27.319999694824219,True
4558609924,2016-05-08,6543,4.3299999237060547,1019,2666,1,123,134,2.0499999523162842,2.2300000190734863,,,,
4702921684,2016-04-12,7213,5.880000114440918,718,2947,1,425,439,7.0799999237060547,7.320000171661377,,,,
4702921684,2016-04-13,6877,5.5799999237060547,777,2898,2,400,430,6.6700000762939453,7.1700000762939453,,,,
4702921684,2016-04-14,7860,6.369999885559082,772,2984,1,384,415,6.4000000953674316,6.9200000762939453,,,,
4702921684,2016-04-15,6506,5.2800002098083496,944,2896,1,253,257,4.2199997901916504,4.2800002098083496,,,,
4702921684,2016-04-16,11140,9.0299997329711914,556,3328,2,382,406,6.369999885559082,6.7699999809265137,,,,
4702921684,2016-04-17,12692,10.289999961853027,437,3394,1,591,612,9.8500003814697266,10.199999809265137,,,,
4702921684,2016-04-18,9105,7.380000114440918,890,3013,1,293,312,4.880000114440918,5.1999998092651367,,,,
4702921684,2016-04-19,6708,5.440000057220459,757,2812,1,457,487,7.619999885559082,8.119999885559082,,,,
4702921684,2016-04-20,8793,7.130000114440918,717,3061,1,454,468,7.570000171661377,7.8000001907348633,,,,
4702921684,2016-04-21,6530,5.3000001907348633,901,2729,1,425,434,7.0799999237060547,7.2300000190734863,,,,
4702921684,2016-04-23,15126,12.270000457763672,469,3691,1,465,475,7.75,7.9200000762939453,,,,
4702921684,2016-04-24,15050,12.220000267028809,542,3538,1,480,506,8,8.4300003051757813,,,,
4702921684,2016-04-25,9167,7.429999828338623,730,3064,1,370,380,6.1700000762939453,6.3299999237060547,,,,
4702921684,2016-04-26,6108,4.9499998092651367,765,2784,1,421,429,7.0199999809265137,7.1500000953674316,,,,
4702921684,2016-04-27,7047,5.7199997901916504,733,2908,1,432,449,7.1999998092651367,7.4800000190734863,,,,
4702921684,2016-04-28,9023,7.320000171661377,738,3033,1,442,461,7.369999885559082,7.679999828338623,,,,
4702921684,2016-04-29,9930,8.0500001907348633,692,3165,1,433,447,7.2199997901916504,7.4499998092651367,,,,
4702921684,2016-04-30,10144,8.2299995422363281,728,3115,1,479,501,7.9800000190734863,8.3500003814697266,,,,
4702921684,2016-05-03,9454,7.6700000762939453,729,3145,1,327,373,5.4499998092651367,6.2199997901916504,,,,
4702921684,2016-05-04,8161,6.619999885559082,757,3004,1,412,434,6.869999885559082,7.2300000190734863,,,,
4702921684,2016-05-05,8614,6.9899997711181641,745,3006,1,414,428,6.9000000953674316,7.130000114440918,,,,
4702921684,2016-05-06,6943,5.630000114440918,682,2859,1,404,449,6.7300000190734863,7.4800000190734863,,,,
4702921684,2016-05-07,14370,11.649999618530273,577,3683,1,520,543,8.6700000762939453,9.0500001907348633,,,,
4702921684,2016-05-09,8232,6.679999828338623,746,2990,1,435,458,7.25,7.630000114440918,,,,
4702921684,2016-05-10,10613,8.6099996566772461,701,3172,1,416,431,6.929999828338623,7.179999828338623,,,,
4702921684,2016-05-11,9810,7.9600000381469727,784,3069,1,354,366,5.9000000953674316,6.0999999046325684,,,,
4702921684,2016-05-12,2752,2.2300000190734863,241,1240,1,404,442,6.7300000190734863,7.369999885559082,,,,
5553957443,2016-04-12,11596,7.570000171661377,767,2026,1,441,464,7.3499999046325684,7.7300000190734863,,,,
5553957443,2016-04-13,4832,3.1600000858306885,647,1718,2,455,488,7.5799999237060547,8.130000114440918,,,,
5553957443,2016-04-14,17022,11.119999885559082,693,2324,1,357,418,5.9499998092651367,6.9699997901916504,,,,
5553957443,2016-04-15,16556,10.859999656677246,689,2254,1,377,409,6.2800002098083496,6.820000171661377,,,,
5553957443,2016-04-16,5771,3.7699999809265137,521,1831,2,651,686,10.850000381469727,11.430000305175781,,,,
5553957443,2016-04-17,655,0.43000000715255737,943,1397,1,350,402,5.8299999237060547,6.6999998092651367,,,,
5553957443,2016-04-18,3727,2.4300000667572021,622,1683,2,520,541,8.6700000762939453,9.0200004577636719,,,,
5553957443,2016-04-19,15482,10.109999656677246,756,2284,1,357,410,5.9499998092651367,6.8299999237060547,,,,
5553957443,2016-04-20,2713,1.7699999809265137,598,1570,1,658,678,10.970000267028809,11.300000190734863,,,,
5553957443,2016-04-21,12346,8.0600004196166992,801,2066,1,399,431,6.6500000953674316,7.179999828338623,,,,
5553957443,2016-04-22,11682,7.630000114440918,781,2105,1,322,353,5.369999885559082,5.880000114440918,,,,
5553957443,2016-04-23,4112,2.690000057220459,443,1776,2,631,725,10.520000457763672,12.079999923706055,,,,
5553957443,2016-04-24,1807,1.1799999475479126,582,1507,2,553,640,9.2200002670288086,10.670000076293945,,,,
5553957443,2016-04-25,10946,7.190000057220459,732,2033,1,433,468,7.2199997901916504,7.8000001907348633,,,,
5553957443,2016-04-26,11886,7.7600002288818359,750,2093,1,412,453,6.869999885559082,7.5500001907348633,,,,
5553957443,2016-04-27,10538,6.880000114440918,745,1922,1,347,391,5.7800002098083496,6.5199999809265137,,,,
5553957443,2016-04-28,11393,7.630000114440918,727,1999,1,421,457,7.0199999809265137,7.619999885559082,,,,
5553957443,2016-04-29,12764,8.3299999237060547,709,2169,1,450,495,7.5,8.25,,,,
5553957443,2016-04-30,1202,0.77999997138977051,506,1463,2,775,843,12.920000076293945,14.050000190734863,,,,
5553957443,2016-05-01,5164,3.369999885559082,436,1747,2,622,686,10.369999885559082,11.430000305175781,,,,
5553957443,2016-05-02,9769,6.380000114440918,724,1996,1,409,471,6.820000171661377,7.8499999046325684,,,,
5553957443,2016-05-03,12848,8.3900003433227539,812,2116,1,380,429,6.3299999237060547,7.1500000953674316,,,,
5553957443,2016-05-04,4249,2.7699999809265137,651,1698,1,447,470,7.4499998092651367,7.8299999237060547,,,,
5553957443,2016-05-05,14331,9.5100002288818359,692,2156,1,419,464,6.9800000190734863,7.7300000190734863,,,,
5553957443,2016-05-06,9632,6.2899999618530273,761,1916,1,400,434,6.6700000762939453,7.2300000190734863,,,,
5553957443,2016-05-07,1868,1.2200000286102295,902,1494,1,442,470,7.369999885559082,7.8299999237060547,,,,
5553957443,2016-05-08,6083,4,505,1762,1,568,608,9.4700002670288086,10.130000114440918,,,,
5553957443,2016-05-09,11611,7.5799999237060547,667,2272,1,453,494,7.5500001907348633,8.2299995422363281,,,,
5553957443,2016-05-10,16358,10.710000038146973,707,2335,1,418,443,6.9699997901916504,7.380000114440918,,,,
5553957443,2016-05-11,4926,3.2200000286102295,628,1693,1,463,486,7.7199997901916504,8.1000003814697266,,,,
5553957443,2016-05-12,3121,2.0399999618530273,222,741,1,438,475,7.3000001907348633,7.9200000762939453,,,,
5577150313,2016-04-12,8135,6.0799999237060547,728,3405,1,419,438,6.9800000190734863,7.3000001907348633,,,,
5577150313,2016-04-13,5077,3.7899999618530273,776,2551,1,432,458,7.1999998092651367,7.630000114440918,,,,
5577150313,2016-04-14,8596,6.4200000762939453,662,4022,1,477,497,7.9499998092651367,8.2799997329711914,,,,
5577150313,2016-04-15,12087,9.0799999237060547,695,4005,1,392,413,6.5300002098083496,6.880000114440918,,,,
5577150313,2016-04-16,14269,10.659999847412109,472,4274,1,406,445,6.7699999809265137,7.4200000762939453,,,,
5577150313,2016-04-17,12231,9.1400003433227539,525,4552,1,549,583,9.1499996185302734,9.7200002670288086,90.699996948242188,199.95925903320313,28,False
5577150313,2016-04-18,9893,7.3899998664855957,623,3625,1,527,553,8.7799997329711914,9.2200002670288086,,,,
5577150313,2016-04-19,12574,9.4200000762939453,733,3501,1,449,465,7.4800000190734863,7.75,,,,
5577150313,2016-04-20,8330,6.2199997901916504,773,3192,1,447,480,7.4499998092651367,8,,,,
5577150313,2016-04-21,10830,8.0900001525878906,670,4018,1,414,437,6.9000000953674316,7.2800002098083496,,,,
5577150313,2016-04-22,9172,6.8499999046325684,823,3329,1,338,366,5.630000114440918,6.0999999046325684,,,,
5577150313,2016-04-23,7638,5.7100000381469727,627,3152,1,384,402,6.4000000953674316,6.6999998092651367,,,,
5577150313,2016-04-24,15764,11.779999732971191,425,4392,1,543,615,9.0500001907348633,10.25,,,,
5577150313,2016-04-25,6393,4.7800002098083496,743,3374,1,421,461,7.0199999809265137,7.679999828338623,,,,
5577150313,2016-04-26,5325,3.9800000190734863,759,3088,1,354,377,5.9000000953674316,6.2800002098083496,,,,
5577150313,2016-04-27,6805,5.1399998664855957,773,3294,1,424,452,7.070000171661377,7.5300002098083496,,,,
5577150313,2016-04-28,9841,7.429999828338623,692,3580,1,361,372,6.0199999809265137,6.1999998092651367,,,,
5577150313,2016-04-29,7924,5.9200000762939453,739,3544,1,459,485,7.6500000953674316,8.0799999237060547,,,,
5577150313,2016-04-30,12363,9.2399997711181641,621,4501,1,412,433,6.869999885559082,7.2199997901916504,,,,
5577150313,2016-05-01,13368,9.9899997711181641,499,4546,1,379,398,6.320000171661377,6.630000114440918,,,,
5577150313,2016-05-02,7439,5.559999942779541,732,3014,2,525,553,8.75,9.2200002670288086,,,,
5577150313,2016-05-03,11045,8.25,580,3795,1,508,543,8.4700002670288086,9.0500001907348633,,,,
5577150313,2016-05-04,5206,3.8900001049041748,631,2755,1,603,634,10.050000190734863,10.569999694824219,,,,
5577150313,2016-05-05,7550,5.6399998664855957,1153,3004,1,74,78,1.2300000190734863,1.2999999523162842,,,,
5577150313,2016-05-10,8869,6.6500000953674316,639,3841,1,504,562,8.3999996185302734,9.369999885559082,,,,
5577150313,2016-05-11,4038,3.0399999618530273,257,1665,1,431,476,7.179999828338623,7.929999828338623,,,,
6117666160,2016-04-16,14450,10.909999847412109,502,2828,1,380,398,6.3299999237060547,6.630000114440918,,,,
6117666160,2016-04-17,7150,5.4000000953674316,702,2225,2,336,350,5.5999999046325684,5.8299999237060547,,,,
6117666160,2016-04-18,5153,3.9100000858306885,759,2018,2,493,510,8.2200002670288086,8.5,,,,
6117666160,2016-04-19,11135,8.4099998474121094,425,2606,1,465,492,7.75,8.1999998092651367,,,,
6117666160,2016-04-20,10449,8.0200004577636719,587,2536,1,474,502,7.9000000953674316,8.369999885559082,,,,
6117666160,2016-04-21,19542,15.010000228881836,579,4900,1,508,550,8.4700002670288086,9.1700000762939453,,,,
6117666160,2016-04-22,8206,6.1999998092651367,413,2409,1,480,546,8,9.1000003814697266,,,,
6117666160,2016-04-23,11495,8.6800003051757813,468,2651,1,492,539,8.1999998092651367,8.9799995422363281,,,,
6117666160,2016-04-24,7623,5.7600002288818359,711,2305,1,353,367,5.880000114440918,6.119999885559082,,,,
6117666160,2016-04-27,9411,7.1100001335144043,417,2576,1,542,557,9.0299997329711914,9.2799997329711914,,,,
6117666160,2016-04-28,3403,2.5999999046325684,758,1879,1,393,416,6.5500001907348633,6.929999828338623,,,,
6117666160,2016-04-29,9592,7.2399997711181641,479,2560,1,600,636,10,10.600000381469727,,,,
6117666160,2016-05-01,8915,6.7300000190734863,525,2361,1,507,575,8.4499998092651367,9.5799999237060547,,,,
6117666160,2016-05-05,9799,7.4000000953674316,479,2636,1,392,415,6.5300002098083496,6.9200000762939453,,,,
6117666160,2016-05-06,3365,2.6800000667572021,673,1838,2,658,698,10.970000267028809,11.630000114440918,,,,
6117666160,2016-05-07,7336,5.5399999618530273,456,2469,2,498,507,8.3000001907348633,8.4499998092651367,,,,
6117666160,2016-05-08,7328,5.5300002098083496,517,2250,1,555,603,9.25,10.050000190734863,,,,
6117666160,2016-05-09,4477,3.380000114440918,125,1248,1,492,522,8.1999998092651367,8.6999998092651367,,,,
6775888955,2016-04-13,4053,2.9100000858306885,1053,2400,1,235,260,3.9200000762939453,4.3299999237060547,,,,
6775888955,2016-04-14,5162,3.7000000476837158,863,2507,1,423,441,7.0500001907348633,7.3499999046325684,,,,
6775888955,2016-04-15,1282,0.92000001668930054,976,2127,1,391,406,6.5199999809265137,6.7699999809265137,,,,
6962181067,2016-04-12,10199,6.7399997711181641,796,1994,1,366,387,6.0999999046325684,6.4499998092651367,62.5,137.78890991210938,24.389999389648438,True
6962181067,2016-04-13,5652,3.7400000095367432,548,1718,3,630,679,10.5,11.319999694824219,62.099998474121094,136.90705871582031,24.239999771118164,True
6962181067,2016-04-14,1551,1.0299999713897705,862,1466,2,508,535,8.4700002670288086,8.9200000762939453,61.700000762939453,136.02522277832031,24.100000381469727,True
6962181067,2016-04-15,5563,3.6800000667572021,837,1756,1,370,386,6.1700000762939453,6.429999828338623,61.5,135.58428955078125,24,True
6962181067,2016-04-16,13217,8.7399997711181641,741,2173,1,357,366,5.9499998092651367,6.0999999046325684,62,136.68659973144531,24.209999084472656,True
6962181067,2016-04-17,10145,6.7100000381469727,634,2027,1,427,446,7.119999885559082,7.429999828338623,61.400001525878906,135.36383056640625,23.959999084472656,True
6962181067,2016-04-18,11404,7.5399999618530273,689,2039,1,442,458,7.369999885559082,7.630000114440918,61.200000762939453,134.92291259765625,23.889999389648438,True
6962181067,2016-04-19,10742,7.0999999046325684,659,2046,1,476,535,7.929999828338623,8.9200000762939453,61.400001525878906,135.36383056640625,23.959999084472656,True
6962181067,2016-04-20,13928,9.5500001907348633,639,2174,1,418,424,6.9699997901916504,7.070000171661377,61.700000762939453,136.02522277832031,24.100000381469727,True
6962181067,2016-04-21,11835,9.7100000381469727,708,2179,1,451,457,7.5199999809265137,7.619999885559082,61.400001525878906,135.36383056640625,23.959999084472656,True
6962181067,2016-04-22,10725,7.0900001525878906,659,2086,1,425,435,7.0799999237060547,7.25,61.400001525878906,135.36383056640625,23.959999084472656,True
6962181067,2016-04-23,20031,13.239999771118164,484,2571,1,528,546,8.8000001907348633,9.1000003814697266,61.5,135.58428955078125,24,True
6962181067,2016-04-24,5029,3.3199999332427979,720,1705,1,511,514,8.5200004577636719,8.5699996948242188,61.5,135.58428955078125,24,True
6962181067,2016-04-25,13239,9.2700004577636719,637,2194,1,400,415,6.6700000762939453,6.9200000762939453,61.700000762939453,136.02522277832031,24.100000381469727,True
6962181067,2016-04-26,10433,6.9000000953674316,680,2012,1,441,446,7.3499999046325684,7.429999828338623,,,,
6962181067,2016-04-27,10320,6.820000171661377,697,2034,1,455,467,7.5799999237060547,7.7800002098083496,61.200000762939453,134.92291259765625,23.889999389648438,True
6962181067,2016-04-28,12627,8.3500003814697266,621,2182,1,440,453,7.3299999237060547,7.5500001907348633,61.200000762939453,134.92291259765625,23.889999389648438,True
6962181067,2016-04-29,10762,7.1100001335144043,645,2254,1,433,447,7.2199997901916504,7.4499998092651367,61.400001525878906,135.36383056640625,23.959999084472656,True
6962181067,2016-04-30,10081,6.6599998474121094,731,2002,1,422,424,7.0300002098083496,7.070000171661377,61,134.48197937011719,23.819999694824219,True
6962181067,2016-05-01,5454,3.6099998950958252,722,1740,1,411,426,6.8499999046325684,7.0999999046325684,61.700000762939453,136.02522277832031,24.100000381469727,True
6962181067,2016-05-02,12912,8.5399999618530273,655,2162,1,466,482,7.7699999809265137,8.0299997329711914,61.5,135.58428955078125,24,True
6962181067,2016-05-03,12109,8.119999885559082,654,2072,1,394,418,6.570000171661377,6.9699997901916504,61,134.48197937011719,23.819999694824219,True
6962181067,2016-05-04,10147,6.7100000381469727,683,2086,1,442,455,7.369999885559082,7.5799999237060547,61.099998474121094,134.70243835449219,23.850000381469727,True
6962181067,2016-05-05,10524,6.9600000381469727,591,2066,1,467,491,7.7800002098083496,8.1800003051757813,61.299999237060547,135.14337158203125,23.930000305175781,True
6962181067,2016-05-06,5908,3.9100000858306885,717,1850,1,443,462,7.380000114440918,7.6999998092651367,61.5,135.58428955078125,24,True
6962181067,2016-05-07,6815,4.5,745,1947,1,298,334,4.9699997901916504,5.570000171661377,61.200000762939453,134.92291259765625,23.889999389648438,True
6962181067,2016-05-08,4188,2.7699999809265137,709,1659,1,541,569,9.0200004577636719,9.4799995422363281,61.200000762939453,134.92291259765625,23.889999389648438,True
6962181067,2016-05-09,12342,8.7200002670288086,607,2105,1,489,497,8.1499996185302734,8.2799997329711914,62.400001525878906,137.56845092773438,24.350000381469727,True
6962181067,2016-05-10,15448,10.210000038146973,626,2361,1,469,481,7.820000171661377,8.0200004577636719,62.099998474121094,136.90705871582031,24.239999771118164,True
6962181067,2016-05-11,6722,4.440000057220459,709,1855,1,452,480,7.5300002098083496,8,61.900001525878906,136.46614074707031,24.170000076293945,True
6962181067,2016-05-12,3587,2.369999885559082,127,928,1,516,535,8.6000003814697266,8.9200000762939453,61.900001525878906,136.46614074707031,24.170000076293945,True
7007744171,2016-04-16,4631,3.0999999046325684,1155,2076,1,79,82,1.3200000524520874,1.3700000047683716,,,,
7007744171,2016-05-01,5600,3.75,1142,2225,1,58,61,0.97000002861022949,1.0199999809265137,,,,
7086361926,2016-04-12,11317,8.4099998474121094,745,2772,1,514,525,8.5699996948242188,8.75,,,,
7086361926,2016-04-13,5813,3.619999885559082,744,2516,1,451,465,7.5199999809265137,7.75,,,,
7086361926,2016-04-14,9123,6.119999885559082,787,2734,1,472,476,7.869999885559082,7.929999828338623,,,,
7086361926,2016-04-15,8585,5.6700000762939453,864,2395,1,377,386,6.2800002098083496,6.429999828338623,,,,
7086361926,2016-04-19,10688,7.2899999618530273,671,2944,1,472,483,7.869999885559082,8.0500001907348633,,,,
7086361926,2016-04-20,14365,10.640000343322754,797,2997,1,492,502,8.1999998092651367,8.369999885559082,,,,
7086361926,2016-04-21,9469,6.179999828338623,758,2463,1,390,411,6.5,6.8499999046325684,,,,
7086361926,2016-04-22,9753,6.5300002098083496,762,2846,1,428,448,7.130000114440918,7.4699997901916504,,,,
7086361926,2016-04-24,3520,2.1600000858306885,566,2049,1,681,704,11.350000381469727,11.729999542236328,,,,
7086361926,2016-04-25,10091,6.820000171661377,706,2752,1,446,447,7.429999828338623,7.4499998092651367,,,,
7086361926,2016-04-26,10387,7.070000171661377,726,2781,1,485,500,8.0799999237060547,8.3299999237060547,,,,
7086361926,2016-04-27,11107,8.3400001525878906,829,2693,1,469,479,7.820000171661377,7.9800000190734863,,,,
7086361926,2016-04-28,11584,7.8000001907348633,810,2862,1,354,367,5.9000000953674316,6.119999885559082,,,,
7086361926,2016-04-30,14560,9.4099998474121094,584,2995,1,485,489,8.0799999237060547,8.1499996185302734,,,,
7086361926,2016-05-01,12390,8.0699996948242188,685,2730,1,388,407,6.4699997901916504,6.7800002098083496,,,,
7086361926,2016-05-02,10052,6.809999942779541,737,2754,1,440,459,7.3299999237060547,7.6500000953674316,,,,
7086361926,2016-05-03,10288,6.7600002288818359,761,2754,1,456,461,7.5999999046325684,7.679999828338623,,,,
7086361926,2016-05-04,10988,8.3100004196166992,843,2655,1,420,436,7,7.2699999809265137,,,,
7086361926,2016-05-06,12461,8.380000114440918,834,2924,1,322,333,5.369999885559082,5.5500001907348633,,,,
7086361926,2016-05-07,12827,8.4799995422363281,621,2739,1,530,548,8.8299999237060547,9.130000114440918,,,,
7086361926,2016-05-08,10677,7.0999999046325684,695,2534,1,481,510,8.0200004577636719,8.5,,,,
7086361926,2016-05-09,13566,9.1099996566772461,743,2960,1,427,438,7.119999885559082,7.3000001907348633,,,,
7086361926,2016-05-11,9572,6.5199999809265137,757,2735,1,451,463,7.5199999809265137,7.7199997901916504,,,,
7086361926,2016-05-12,3789,2.559999942779541,343,1199,1,444,457,7.4000000953674316,7.619999885559082,,,,
8053475328,2016-04-20,15108,12.189999580383301,695,3043,1,486,493,8.1000003814697266,8.2200002670288086,,,,
8053475328,2016-04-23,22359,17.190000534057617,741,3554,1,331,337,5.5199999809265137,5.619999885559082,,,,
8053475328,2016-05-07,19769,15.670000076293945,1076,3331,1,74,75,1.2300000190734863,1.25,,,,
8378563200,2016-04-12,7626,6.0500001907348633,723,3635,1,338,356,5.630000114440918,5.929999828338623,,,,
8378563200,2016-04-13,12386,9.8199996948242188,680,4079,2,447,487,7.4499998092651367,8.119999885559082,,,,
8378563200,2016-04-14,13318,10.560000419616699,699,4163,1,424,455,7.070000171661377,7.5799999237060547,,,,
8378563200,2016-04-15,14461,11.470000267028809,729,3666,1,513,533,8.5500001907348633,8.880000114440918,,,,
8378563200,2016-04-16,11207,8.8900003433227539,563,3363,2,611,689,10.180000305175781,11.479999542236328,,,,
8378563200,2016-04-17,2132,1.690000057220459,599,2572,2,525,591,8.75,9.8500003814697266,,,,
8378563200,2016-04-18,13630,10.810000419616699,720,4157,1,398,451,6.630000114440918,7.5199999809265137,,,,
8378563200,2016-04-19,13070,10.359999656677246,737,4092,1,387,421,6.4499998092651367,7.0199999809265137,,,,
8378563200,2016-04-20,9388,7.440000057220459,763,3787,1,381,409,6.3499999046325684,6.820000171661377,,,,
8378563200,2016-04-21,15148,12.010000228881836,677,4236,1,396,417,6.5999999046325684,6.9499998092651367,,,,
8378563200,2016-04-22,12200,9.6700000762939453,769,4044,1,441,469,7.3499999046325684,7.820000171661377,,,,
8378563200,2016-04-23,5709,4.5300002098083496,740,2908,1,565,591,9.4200000762939453,9.8500003814697266,,,,
8378563200,2016-04-24,3703,2.940000057220459,734,2741,1,458,492,7.630000114440918,8.1999998092651367,,,,
8378563200,2016-04-25,12405,9.8400001525878906,692,4005,1,388,402,6.4699997901916504,6.6999998092651367,,,,
8378563200,2016-04-26,16208,12.850000381469727,593,3763,1,550,584,9.1700000762939453,9.7299995422363281,,,,
8378563200,2016-04-27,7359,5.8400001525878906,676,3061,1,531,600,8.8500003814697266,10,,,,
8378563200,2016-04-28,5417,4.3000001907348633,711,2884,1,506,556,8.4300003051757813,9.2700004577636719,,,,
8378563200,2016-04-29,6175,4.9000000953674316,767,2982,1,527,562,8.7799997329711914,9.369999885559082,,,,
8378563200,2016-04-30,2946,2.3399999141693115,780,2660,1,468,555,7.8000001907348633,9.25,,,,
8378563200,2016-05-01,11419,9.0600004196166992,669,3369,1,475,539,7.9200000762939453,8.9799995422363281,,,,
8378563200,2016-05-02,6064,4.809999942779541,802,3491,1,351,385,5.8499999046325684,6.4200000762939453,,,,
8378563200,2016-05-03,8712,6.9099998474121094,822,3784,1,405,429,6.75,7.1500000953674316,,,,
8378563200,2016-05-04,7875,6.2399997711181641,680,3110,1,441,477,7.3499999046325684,7.9499998092651367,,,,
8378563200,2016-05-05,8567,6.7899999618530273,764,3783,1,381,417,6.3499999046325684,6.9499998092651367,,,,
8378563200,2016-05-06,7045,5.5900001525878906,831,3644,1,323,355,5.380000114440918,5.9200000762939453,,,,
8378563200,2016-05-07,4468,3.5399999618530273,851,2799,2,459,513,7.6500000953674316,8.5500001907348633,,,,
8378563200,2016-05-08,2943,2.3299999237060547,621,2685,1,545,606,9.0799999237060547,10.100000381469727,,,,
8378563200,2016-05-09,8382,6.6500000953674316,772,3721,1,359,399,5.9800000190734863,6.6500000953674316,,,,
8378563200,2016-05-10,6582,5.2199997901916504,840,3586,1,342,391,5.6999998092651367,6.5199999809265137,,,,
8378563200,2016-05-11,9143,7.25,763,3788,1,368,387,6.130000114440918,6.4499998092651367,,,,
8378563200,2016-05-12,4561,3.619999885559082,433,1976,1,496,546,8.2700004577636719,9.1000003814697266,,,,
8792009665,2016-04-12,2564,1.6399999856948853,831,2044,1,458,493,7.630000114440918,8.2200002670288086,,,,
8792009665,2016-04-13,1320,0.8399999737739563,806,1934,1,531,552,8.8500003814697266,9.1999998092651367,,,,
8792009665,2016-04-14,1219,0.77999997138977051,853,1963,1,486,503,8.1000003814697266,8.380000114440918,,,,
8792009665,2016-04-15,2483,1.5900000333786011,937,2009,1,363,377,6.0500001907348633,6.2800002098083496,,,,
8792009665,2016-04-20,3147,2.0099999904632568,744,2188,1,528,547,8.8000001907348633,9.119999885559082,,,,
8792009665,2016-04-22,4068,2.5999999046325684,817,2419,1,391,407,6.5199999809265137,6.7800002098083496,,,,
8792009665,2016-04-23,5245,3.3599998950958252,795,2748,1,339,360,5.6500000953674316,6,,,,
8792009665,2016-04-27,1758,1.1299999952316284,900,2067,1,423,428,7.0500001907348633,7.130000114440918,,,,
8792009665,2016-04-28,6157,3.940000057220459,714,2780,1,402,416,6.6999998092651367,6.929999828338623,,,,
8792009665,2016-04-29,8360,5.3499999046325684,634,3101,1,398,406,6.630000114440918,6.7699999809265137,,,,
8792009665,2016-04-30,7174,4.5900001525878906,749,2896,1,343,360,5.7199997901916504,6,,,,
8792009665,2016-05-01,1619,1.0399999618530273,834,1962,1,503,527,8.380000114440918,8.7799997329711914,,,,
8792009665,2016-05-02,1831,1.1699999570846558,916,2015,1,415,423,6.9200000762939453,7.0500001907348633,,,,
8792009665,2016-05-03,2421,1.5499999523162842,739,2297,1,516,545,8.6000003814697266,9.0799999237060547,,,,
8792009665,2016-05-04,2283,1.4600000381469727,848,2067,1,439,463,7.320000171661377,7.7199997901916504,,,,
