1503960366,2016-04-12,13162,8.5,728,1985,1,327,346,5.44999980926514,5.76999998092651,NULL,NULL,NULL,NULL
1503960366,2016-04-13,10735,6.96999979019165,776,1797,2,384,407,6.40000009536743,6.78000020980835,NULL,NULL,NULL,NULL
1503960366,2016-04-15,9762,6.28000020980835,726,1745,1,412,442,6.86999988555908,7.36999988555908,NULL,NULL,NULL,NULL
1503960366,2016-04-16,12669,8.15999984741211,773,1863,2,340,367,5.67000007629395,6.11999988555908,NULL,NULL,NULL,NULL
1503960366,2016-04-17,9705,6.48000001907349,539,1728,1,700,712,11.6700000762939,11.8699998855591,NULL,NULL,NULL,NULL
1503960366,2016-04-19,15506,9.88000011444092,775,2035,1,304,320,5.07000017166138,5.32999992370605,NULL,NULL,NULL,NULL
1503960366,2016-04-20,10544,6.67999982833862,818,1786,1,360,377,6,6.28000020980835,NULL,NULL,NULL,NULL
1503960366,2016-04-21,9819,6.34000015258789,838,1775,1,325,364,5.42000007629395,6.07000017166138,NULL,NULL,NULL,NULL
1503960366,2016-04-23,14371,9.03999996185303,732,1949,1,361,384,6.01999998092651,6.40000009536743,NULL,NULL,NULL,NULL
1503960366,2016-04-24,10039,6.40999984741211,709,1788,1,430,449,7.17000007629395,7.48000001907349,NULL,NULL,NULL,NULL
1503960366,2016-04-25,15355,9.80000019073486,814,2013,1,277,323,4.61999988555908,5.38000011444092,NULL,NULL,NULL,NULL
1503960366,2016-04-26,13755,8.78999996185303,833,1970,1,245,274,4.07999992370605,4.57000017166138,NULL,NULL,NULL,NULL
1503960366,2016-04-28,13154,8.52999973297119,782,1898,1,366,393,6.09999990463257,6.55000019073486,NULL,NULL,NULL,NULL
1503960366,2016-04-29,11181,7.15000009536743,815,1837,1,341,354,5.67999982833862,5.90000009536743,NULL,NULL,NULL,NULL
1503960366,2016-04-30,14673,9.25,712,1947,1,404,425,6.73000001907349,7.07999992370605,NULL,NULL,NULL,NULL
1503960366,2016-05-01,10602,6.80999994277954,730,1820,1,369,396,6.15000009536743,6.59999990463257,NULL,NULL,NULL,NULL
1503960366,2016-05-02,14727,9.71000003814697,798,2004,1,277,309,4.61999988555908,5.15000009536743,52.5999984741211,115.963150024414,22.6499996185303,1
1503960366,2016-05-03,15103,9.65999984741211,816,1990,1,273,296,4.55000019073486,4.92999982833862,52.5999984741211,115.963150024414,22.6499996185303,1
1503960366,2016-05-05,14070,8.89999961853027,857,1959,1,247,264,4.11999988555908,4.40000009536743,NULL,NULL,NULL,NULL
1503960366,2016-05-06,12159,8.02999973297119,754,1896,1,334,367,5.57000017166138,6.11999988555908,NULL,NULL,NULL,NULL
1503960366,2016-05-07,11992,7.71000003814697,833,1821,1,331,349,5.51999998092651,5.82000017166138,NULL,NULL,NULL,NULL
1503960366,2016-05-08,10060,6.57999992370605,574,1740,1,594,611,9.89999961853027,10.1800003051758,NULL,NULL,NULL,NULL
1503960366,2016-05-09,12022,7.71999979019165,835,1819,1,338,342,5.63000011444092,5.69999980926514,NULL,NULL,NULL,NULL
1503960366,2016-05-10,12207,7.76999998092651,746,1859,1,383,403,6.38000011444092,6.71999979019165,NULL,NULL,NULL,NULL
1503960366,2016-05-11,12770,8.13000011444092,669,1783,1,285,306,4.75,5.09999990463257,NULL,NULL,NULL,NULL
1644430081,2016-04-29,3176,2.30999994277954,1193,2498,1,119,127,1.98000001907349,2.11999988555908,NULL,NULL,NULL,NULL
1644430081,2016-04-30,18213,13.2399997711182,816,3846,1,124,142,2.0699999332428,2.36999988555908,NULL,NULL,NULL,NULL
1644430081,2016-05-02,3758,2.73000001907349,682,2580,1,796,961,13.2700004577637,16.0200004577637,NULL,NULL,NULL,NULL
1644430081,2016-05-08,6724,4.8899998664856,991,2987,1,137,154,2.27999997138977,2.5699999332428,NULL,NULL,NULL,NULL
1844505072,2016-04-15,3844,2.53999996185303,527,1725,1,644,961,10.7299995422363,16.0200004577637,NULL,NULL,NULL,NULL
1844505072,2016-04-30,4014,2.67000007629395,218,1763,1,722,961,12.0299997329712,16.0200004577637,NULL,NULL,NULL,NULL
1844505072,2016-05-01,2573,1.70000004768372,585,1541,1,590,961,9.82999992370605,16.0200004577637,NULL,NULL,NULL,NULL
1927972279,2016-04-12,678,0.469999998807907,734,2220,3,750,775,12.5,12.9200000762939,NULL,NULL,NULL,NULL
1927972279,2016-04-13,356,0.25,986,2151,1,398,422,6.63000011444092,7.03000020980835,133.5,294.317108154297,47.5400009155273,0
1927972279,2016-04-15,980,0.680000007152557,941,2221,2,475,499,7.92000007629395,8.31999969482422,NULL,NULL,NULL,NULL
1927972279,2016-04-26,3761,2.59999990463257,1058,2638,1,296,315,4.92999982833862,5.25,NULL,NULL,NULL,NULL
1927972279,2016-04-28,1675,1.1599999666214,1167,2351,1,166,178,2.76999998092651,2.97000002861023,NULL,NULL,NULL,NULL
2026352035,2016-04-12,4414,2.74000000953674,706,1459,1,503,546,8.38000011444092,9.10000038146973,NULL,NULL,NULL,NULL
2026352035,2016-04-13,4993,3.09999990463257,663,1521,1,531,565,8.85000038146973,9.42000007629395,NULL,NULL,NULL,NULL
2026352035,2016-04-14,3335,2.0699999332428,653,1431,1,545,568,9.07999992370605,9.47000026702881,NULL,NULL,NULL,NULL
2026352035,2016-04-15,3821,2.36999988555908,687,1444,1,523,573,8.72000026702881,9.55000019073486,NULL,NULL,NULL,NULL
2026352035,2016-04-16,2547,1.58000004291534,728,1373,1,524,567,8.72999954223633,9.44999980926514,NULL,NULL,NULL,NULL
2026352035,2016-04-17,838,0.519999980926514,1053,1214,1,437,498,7.28000020980835,8.30000019073486,NULL,NULL,NULL,NULL
2026352035,2016-04-19,2424,1.5,785,1356,1,498,540,8.30000019073486,9,NULL,NULL,NULL,NULL
2026352035,2016-04-20,7222,4.48000001907349,623,1667,1,461,510,7.67999982833862,8.5,NULL,NULL,NULL,NULL
2026352035,2016-04-21,2467,1.52999997138977,749,1370,1,477,514,7.94999980926514,8.56999969482422,NULL,NULL,NULL,NULL
2026352035,2016-04-22,2915,1.80999994277954,712,1399,1,520,545,8.67000007629395,9.07999992370605,NULL,NULL,NULL,NULL
2026352035,2016-04-23,12357,7.71000003814697,458,1916,1,522,554,8.69999980926514,9.22999954223633,NULL,NULL,NULL,NULL
2026352035,2016-04-24,3490,2.16000008583069,704,1401,1,555,591,9.25,9.85000038146973,NULL,NULL,NULL,NULL
2026352035,2016-04-25,6017,3.73000001907349,821,1576,1,506,531,8.43000030517578,8.85000038146973,NULL,NULL,NULL,NULL
2026352035,2016-04-27,6088,3.76999998092651,586,1593,1,508,545,8.47000026702881,9.07999992370605,NULL,NULL,NULL,NULL
2026352035,2016-04-28,6375,3.95000004768372,626,1649,1,513,545,8.55000019073486,9.07999992370605,NULL,NULL,NULL,NULL
2026352035,2016-04-29,7604,4.71000003814697,492,1692,1,490,510,8.17000007629395,8.5,NULL,NULL,NULL,NULL
2026352035,2016-04-30,4729,2.9300000667572,594,1506,1,573,607,9.55000019073486,10.1199998855591,NULL,NULL,NULL,NULL
2026352035,2016-05-01,3609,2.27999997138977,716,1447,1,527,546,8.77999973297119,9.10000038146973,NULL,NULL,NULL,NULL
2026352035,2016-05-02,7018,4.34999990463257,716,1690,1,511,543,8.52000045776367,9.05000019073486,NULL,NULL,NULL,NULL
2026352035,2016-05-04,6564,4.07000017166138,530,1658,1,538,560,8.97000026702881,9.32999992370605,NULL,NULL,NULL,NULL
2026352035,2016-05-05,12167,7.53999996185303,479,1926,1,468,485,7.80000019073486,8.07999992370605,NULL,NULL,NULL,NULL
2026352035,2016-05-06,8198,5.07999992370605,511,1736,1,524,548,8.72999954223633,9.13000011444092,NULL,NULL,NULL,NULL
2026352035,2016-05-07,4193,2.59999990463257,665,1491,1,511,521,8.52000045776367,8.68000030517578,NULL,NULL,NULL,NULL
2026352035,2016-05-08,5528,3.45000004768372,610,1555,1,541,568,9.02000045776367,9.47000026702881,NULL,NULL,NULL,NULL
2026352035,2016-05-09,10685,6.61999988555908,543,1869,1,531,556,8.85000038146973,9.27000045776367,NULL,NULL,NULL,NULL
2026352035,2016-05-10,254,0.159999996423721,1002,1141,1,357,380,5.94999980926514,6.32999992370605,NULL,NULL,NULL,NULL
2026352035,2016-05-11,8580,5.32000017166138,569,1698,1,523,553,8.72000026702881,9.22000026702881,NULL,NULL,NULL,NULL
2026352035,2016-05-12,8891,5.51000022888184,330,1364,1,456,485,7.59999990463257,8.07999992370605,NULL,NULL,NULL,NULL
2320127002,2016-04-23,5079,3.42000007629395,1129,1804,1,61,69,1.01999998092651,1.14999997615814,NULL,NULL,NULL,NULL
2347167796,2016-04-13,10352,7.01000022888184,676,2038,1,467,531,7.78000020980835,8.85000038146973,NULL,NULL,NULL,NULL
2347167796,2016-04-14,10129,6.69999980926514,705,2010,1,445,489,7.42000007629395,8.14999961853027,NULL,NULL,NULL,NULL
2347167796,2016-04-15,10465,6.92000007629395,720,2133,1,452,504,7.53000020980835,8.39999961853027,NULL,NULL,NULL,NULL
2347167796,2016-04-17,5472,3.61999988555908,508,1882,1,556,602,9.27000045776367,10.0299997329712,NULL,NULL,NULL,NULL
2347167796,2016-04-18,8247,5.44999980926514,678,1944,1,500,557,8.32999992370605,9.27999973297119,NULL,NULL,NULL,NULL
2347167796,2016-04-19,6711,4.44000005722046,648,2346,1,465,514,7.75,8.56999969482422,NULL,NULL,NULL,NULL
2347167796,2016-04-21,10080,6.75,761,2048,1,460,484,7.67000007629395,8.06999969482422,NULL,NULL,NULL,NULL
2347167796,2016-04-22,7804,5.15999984741211,781,1946,1,405,461,6.75,7.67999982833862,NULL,NULL,NULL,NULL
2347167796,2016-04-23,16901,11.3699998855591,591,2629,1,374,386,6.23000001907349,6.42999982833862,NULL,NULL,NULL,NULL
2347167796,2016-04-24,9471,6.26000022888184,584,2187,1,442,459,7.36999988555908,7.65000009536743,NULL,NULL,NULL,NULL
2347167796,2016-04-25,9482,6.38000011444092,653,2095,1,433,471,7.21999979019165,7.84999990463257,NULL,NULL,NULL,NULL
2347167796,2016-04-26,5980,3.95000004768372,732,1861,1,436,490,7.26999998092651,8.17000007629395,NULL,NULL,NULL,NULL
2347167796,2016-04-27,11423,7.57999992370605,623,2194,1,448,499,7.46999979019165,8.31999969482422,NULL,NULL,NULL,NULL
2347167796,2016-04-28,5439,3.59999990463257,764,1854,1,408,450,6.80000019073486,7.5,NULL,NULL,NULL,NULL
2347167796,2016-04-29,42,0.0299999993294477,2,403,1,411,473,6.84999990463257,7.88000011444092,NULL,NULL,NULL,NULL
3977333714,2016-04-12,8856,5.98000001907349,777,1450,1,274,469,4.57000017166138,7.82000017166138,NULL,NULL,NULL,NULL
3977333714,2016-04-13,10035,6.71000003814697,754,1495,2,295,456,4.92000007629395,7.59999990463257,NULL,NULL,NULL,NULL
3977333714,2016-04-14,7641,5.1100001335144,801,1433,1,291,397,4.84999990463257,6.61999988555908,NULL,NULL,NULL,NULL
3977333714,2016-04-15,9010,6.05999994277954,644,1468,1,424,556,7.07000017166138,9.27000045776367,NULL,NULL,NULL,NULL
3977333714,2016-04-16,13459,9,663,1625,1,283,510,4.71999979019165,8.5,NULL,NULL,NULL,NULL
3977333714,2016-04-17,10415,6.96999979019165,600,1529,1,381,566,6.34999990463257,9.43000030517578,NULL,NULL,NULL,NULL
3977333714,2016-04-18,11663,7.80000019073486,605,1584,2,412,522,6.86999988555908,8.69999980926514,NULL,NULL,NULL,NULL
3977333714,2016-04-19,12414,8.77999973297119,738,1638,1,219,395,3.65000009536743,6.57999992370605,NULL,NULL,NULL,NULL
3977333714,2016-04-20,11658,7.82999992370605,845,1554,2,152,305,2.52999997138977,5.07999992370605,NULL,NULL,NULL,NULL
3977333714,2016-04-21,6093,4.07999992370605,712,1397,1,332,512,5.53000020980835,8.52999973297119,NULL,NULL,NULL,NULL
3977333714,2016-04-22,8911,5.96000003814697,731,1481,1,355,476,5.92000007629395,7.92999982833862,NULL,NULL,NULL,NULL
3977333714,2016-04-23,12058,8.06999969482422,724,1638,1,235,372,3.92000007629395,6.19999980926514,NULL,NULL,NULL,NULL
3977333714,2016-04-24,14112,10,660,1655,1,310,526,5.17000007629395,8.77000045776367,NULL,NULL,NULL,NULL
3977333714,2016-04-25,11177,8.47999954223633,781,1570,1,262,467,4.36999988555908,7.78000020980835,NULL,NULL,NULL,NULL
3977333714,2016-04-26,11388,7.61999988555908,797,1551,1,250,371,4.17000007629395,6.17999982833862,NULL,NULL,NULL,NULL
3977333714,2016-04-27,7193,5.03999996185303,714,1377,1,349,540,5.82000017166138,9,NULL,NULL,NULL,NULL
3977333714,2016-04-28,7114,4.88000011444092,804,1407,1,261,423,4.34999990463257,7.05000019073486,NULL,NULL,NULL,NULL
3977333714,2016-04-29,10645,7.75,744,1545,1,333,478,5.55000019073486,7.96999979019165,NULL,NULL,NULL,NULL
3977333714,2016-04-30,13238,9.19999980926514,687,1650,1,237,382,3.95000004768372,6.36999988555908,NULL,NULL,NULL,NULL
3977333714,2016-05-01,10414,7.07000017166138,691,1501,1,383,626,6.38000011444092,10.4300003051758,NULL,NULL,NULL,NULL
3977333714,2016-05-02,16520,11.0500001907349,713,1760,1,230,384,3.82999992370605,6.40000009536743,NULL,NULL,NULL,NULL
3977333714,2016-05-03,14335,9.59000015258789,594,1710,1,292,500,4.86999988555908,8.32999992370605,NULL,NULL,NULL,NULL
3977333714,2016-05-04,13559,9.4399995803833,852,1628,1,213,336,3.54999995231628,5.59999990463257,NULL,NULL,NULL,NULL
3977333714,2016-05-05,12312,8.57999992370605,680,1618,1,318,480,5.30000019073486,8,NULL,NULL,NULL,NULL
3977333714,2016-05-06,11677,8.27999973297119,676,1590,1,323,512,5.38000011444092,8.52999973297119,NULL,NULL,NULL,NULL
3977333714,2016-05-07,11550,7.73000001907349,703,1574,1,237,443,3.95000004768372,7.38000011444092,NULL,NULL,NULL,NULL
3977333714,2016-05-08,13585,9.09000015258789,688,1633,2,259,456,4.32000017166138,7.59999990463257,NULL,NULL,NULL,NULL
3977333714,2016-05-10,13072,8.77999973297119,676,1630,1,312,452,5.19999980926514,7.53000020980835,NULL,NULL,NULL,NULL
4020332650,2016-04-12,8539,6.11999988555908,712,3654,1,501,541,8.35000038146973,9.02000045776367,NULL,NULL,NULL,NULL
4020332650,2016-04-16,1982,1.41999995708466,1222,3051,1,77,77,1.27999997138977,1.27999997138977,NULL,NULL,NULL,NULL
4020332650,2016-05-03,4496,3.22000002861023,950,2828,1,322,332,5.36999988555908,5.53000020980835,NULL,NULL,NULL,NULL
4020332650,2016-05-04,10252,7.34999990463257,531,3879,1,478,536,7.96999979019165,8.93000030517578,NULL,NULL,NULL,NULL
4020332650,2016-05-05,11728,8.43000030517578,916,3429,1,226,248,3.76999998092651,4.13000011444092,NULL,NULL,NULL,NULL
4020332650,2016-05-06,4369,3.13000011444092,855,2704,1,385,408,6.42000007629395,6.80000019073486,NULL,NULL,NULL,NULL
4020332650,2016-05-08,5862,4.19999980926514,775,3089,1,364,402,6.07000017166138,6.69999980926514,NULL,NULL,NULL,NULL
4020332650,2016-05-10,5546,3.98000001907349,774,2926,1,442,494,7.36999988555908,8.22999954223633,NULL,NULL,NULL,NULL
4319703577,2016-04-14,10210,6.88000011444092,589,2302,1,535,557,8.92000007629395,9.27999973297119,NULL,NULL,NULL,NULL
4319703577,2016-04-15,5664,3.79999995231628,752,1985,1,465,491,7.75,8.18000030517578,NULL,NULL,NULL,NULL
4319703577,2016-04-16,4744,3.1800000667572,724,1884,1,506,522,8.43000030517578,8.69999980926514,NULL,NULL,NULL,NULL
4319703577,2016-04-18,2276,1.54999995231628,824,1632,1,515,551,8.57999992370605,9.18000030517578,NULL,NULL,NULL,NULL
4319703577,2016-04-19,8925,5.98999977111816,604,2200,2,461,498,7.67999982833862,8.30000019073486,NULL,NULL,NULL,NULL
4319703577,2016-04-20,8954,6.01000022888184,671,2220,1,523,543,8.72000026702881,9.05000019073486,NULL,NULL,NULL,NULL
4319703577,2016-04-21,3702,2.48000001907349,1265,1792,1,59,65,0.980000019073486,1.08000004291534,NULL,NULL,NULL,NULL
4319703577,2016-04-22,4500,3.01999998092651,709,1886,1,533,550,8.88000011444092,9.17000007629395,NULL,NULL,NULL,NULL
4319703577,2016-04-23,4935,3.30999994277954,546,1945,1,692,722,11.5299997329712,12.0299997329712,NULL,NULL,NULL,NULL
4319703577,2016-04-24,4081,2.74000000953674,692,1880,1,467,501,7.78000020980835,8.35000038146973,NULL,NULL,NULL,NULL
4319703577,2016-04-25,9259,6.21000003814697,544,2314,1,488,506,8.13000011444092,8.43000030517578,NULL,NULL,NULL,NULL
4319703577,2016-04-26,9899,6.6399998664856,649,2236,1,505,516,8.42000007629395,8.60000038146973,NULL,NULL,NULL,NULL
4319703577,2016-04-27,10780,7.23000001907349,680,2324,1,286,307,4.76999998092651,5.11999988555908,NULL,NULL,NULL,NULL
4319703577,2016-04-28,10817,7.28000020980835,552,2367,1,497,522,8.27999973297119,8.69999980926514,NULL,NULL,NULL,NULL
4319703577,2016-04-29,7990,5.3600001335144,624,2175,1,523,546,8.72000026702881,9.10000038146973,NULL,NULL,NULL,NULL
4319703577,2016-04-30,8221,5.51999998092651,695,2092,1,490,516,8.17000007629395,8.60000038146973,NULL,NULL,NULL,NULL
4319703577,2016-05-01,1251,0.839999973773956,836,1593,1,484,500,8.06999969482422,8.32999992370605,NULL,NULL,NULL,NULL
4319703577,2016-05-02,9261,6.23999977111816,585,2270,1,478,506,7.96999979019165,8.43000030517578,NULL,NULL,NULL,NULL
4319703577,2016-05-03,9648,6.46999979019165,669,2235,1,474,512,7.90000009536743,8.52999973297119,NULL,NULL,NULL,NULL
4319703577,2016-05-06,9524,6.42000007629395,692,2266,1,450,491,7.5,8.18000030517578,NULL,NULL,NULL,NULL
4319703577,2016-05-07,7937,5.32999992370605,586,2158,1,507,530,8.44999980926514,8.82999992370605,NULL,NULL,NULL,NULL
4319703577,2016-05-08,3672,2.46000003814697,603,1792,1,602,638,10.0299997329712,10.6300001144409,NULL,NULL,NULL,NULL
4319703577,2016-05-09,10378,6.96000003814697,490,2345,1,535,565,8.92000007629395,9.42000007629395,NULL,NULL,NULL,NULL
4319703577,2016-05-10,9487,6.36999988555908,555,2260,1,487,517,8.11999988555908,8.61999988555908,NULL,NULL,NULL,NULL
4319703577,2016-05-11,9129,6.13000011444092,574,2232,1,529,558,8.81999969482422,9.30000019073486,NULL,NULL,NULL,NULL
4319703577,2016-05-12,17,0.00999999977648258,0,257,1,302,321,5.03000020980835,5.34999990463257,NULL,NULL,NULL,NULL
4388161847,2016-04-15,8758,6.73000001907349,837,3066,1,499,526,8.31999969482422,8.77000045776367,NULL,NULL,NULL,NULL
4388161847,2016-04-16,6580,5.05999994277954,609,3073,2,426,448,7.09999990463257,7.46999979019165,NULL,NULL,NULL,NULL
4388161847,2016-04-17,4660,3.57999992370605,721,2572,2,619,641,10.3199996948242,10.6800003051758,NULL,NULL,NULL,NULL
4388161847,2016-04-18,11009,9.10000038146973,1017,3274,1,99,104,1.64999997615814,1.73000001907349,NULL,NULL,NULL,NULL
4388161847,2016-04-19,10181,7.82999992370605,704,3015,1,329,338,5.48000001907349,5.63000011444092,NULL,NULL,NULL,NULL
4388161847,2016-04-20,10553,8.11999988555908,696,3083,1,421,451,7.01999998092651,7.51999998092651,NULL,NULL,NULL,NULL
4388161847,2016-04-21,10055,7.73000001907349,853,3069,1,442,458,7.36999988555908,7.63000011444092,NULL,NULL,NULL,NULL
4388161847,2016-04-22,12139,9.34000015258789,945,3544,1,82,85,1.37000000476837,1.41999995708466,NULL,NULL,NULL,NULL
4388161847,2016-04-23,13236,10.1800003051758,749,3306,1,478,501,7.96999979019165,8.35000038146973,NULL,NULL,NULL,NULL
4388161847,2016-04-24,10243,7.88000011444092,584,2885,3,552,595,9.19999980926514,9.92000007629395,NULL,NULL,NULL,NULL
4388161847,2016-04-26,9461,7.28000020980835,673,2929,1,319,346,5.32000017166138,5.76999998092651,NULL,NULL,NULL,NULL
4388161847,2016-04-27,11193,8.60999965667725,684,3074,1,439,500,7.32000017166138,8.32999992370605,NULL,NULL,NULL,NULL
4388161847,2016-04-28,10074,7.75,878,2969,1,428,458,7.13000011444092,7.63000011444092,NULL,NULL,NULL,NULL
4388161847,2016-04-30,12533,9.64000034332275,537,3283,2,409,430,6.82000017166138,7.17000007629395,NULL,NULL,NULL,NULL
4388161847,2016-05-01,10255,7.8899998664856,579,2926,1,547,597,9.11999988555908,9.94999980926514,NULL,NULL,NULL,NULL
4388161847,2016-05-02,10096,8.39999961853027,935,3147,2,368,376,6.13000011444092,6.26999998092651,NULL,NULL,NULL,NULL
4388161847,2016-05-04,12375,9.52000045776367,632,3162,1,390,414,6.5,6.90000009536743,NULL,NULL,NULL,NULL
4388161847,2016-05-05,9603,7.38000011444092,896,2899,1,471,495,7.84999990463257,8.25,NULL,NULL,NULL,NULL
4388161847,2016-05-07,22770,17.5400009155273,508,4022,1,472,496,7.86999988555908,8.27000045776367,NULL,NULL,NULL,NULL
4388161847,2016-05-08,17298,14.3800001144409,576,3934,2,529,541,8.81999969482422,9.02000045776367,NULL,NULL,NULL,NULL
4388161847,2016-05-09,10218,7.8600001335144,1020,3013,1,62,65,1.02999997138977,1.08000004291534,NULL,NULL,NULL,NULL
4388161847,2016-05-10,10299,7.92000007629395,648,3061,1,354,375,5.90000009536743,6.25,NULL,NULL,NULL,NULL
4388161847,2016-05-11,10201,7.84000015258789,858,2954,1,469,494,7.82000017166138,8.22999954223633,NULL,NULL,NULL,NULL
4445114986,2016-04-12,3276,2.20000004768372,787,2113,2,429,457,7.15000009536743,7.61999988555908,NULL,NULL,NULL,NULL
4445114986,2016-04-13,2961,1.99000000953674,840,2095,2,370,406,6.17000007629395,6.76999998092651,NULL,NULL,NULL,NULL
4445114986,2016-04-14,3974,2.67000007629395,717,2194,1,441,492,7.34999990463257,8.19999980926514,NULL,NULL,NULL,NULL
4445114986,2016-04-15,7198,4.82999992370605,711,2496,2,337,379,5.61999988555908,6.32000017166138,NULL,NULL,NULL,NULL
4445114986,2016-04-16,3945,2.65000009536743,716,2180,1,462,499,7.69999980926514,8.31999969482422,NULL,NULL,NULL,NULL
4445114986,2016-04-17,2268,1.51999998092651,1219,1933,1,98,107,1.62999999523163,1.77999997138977,NULL,NULL,NULL,NULL
4445114986,2016-04-19,2064,1.38999998569489,895,1954,2,388,424,6.46999979019165,7.07000017166138,NULL,NULL,NULL,NULL
4445114986,2016-04-20,2072,1.38999998569489,841,1974,1,439,462,7.32000017166138,7.69999980926514,NULL,NULL,NULL,NULL
4445114986,2016-04-21,3809,2.55999994277954,756,2150,1,436,469,7.26999998092651,7.82000017166138,NULL,NULL,NULL,NULL
4445114986,2016-04-22,6831,4.57999992370605,706,2432,1,388,417,6.46999979019165,6.94999980926514,NULL,NULL,NULL,NULL
4445114986,2016-04-25,3385,2.26999998092651,916,2070,1,328,345,5.46999979019165,5.75,NULL,NULL,NULL,NULL
4445114986,2016-04-26,6326,4.40999984741211,839,2291,2,353,391,5.88000011444092,6.51999998092651,NULL,NULL,NULL,NULL
4445114986,2016-04-27,7243,5.03000020980835,839,2361,1,332,374,5.53000020980835,6.23000001907349,NULL,NULL,NULL,NULL
4445114986,2016-04-28,4493,3.00999999046326,762,2203,1,419,442,6.98000001907349,7.36999988555908,NULL,NULL,NULL,NULL
4445114986,2016-04-29,4676,3.14000010490417,1106,2196,1,106,108,1.76999998092651,1.79999995231628,NULL,NULL,NULL,NULL
4445114986,2016-04-30,6222,4.17999982833862,797,2363,1,322,353,5.36999988555908,5.88000011444092,NULL,NULL,NULL,NULL
4445114986,2016-05-01,5232,3.50999999046326,741,2246,2,439,459,7.32000017166138,7.65000009536743,NULL,NULL,NULL,NULL
4445114986,2016-05-02,6910,4.75,667,2336,1,502,542,8.36999988555908,9.02999973297119,NULL,NULL,NULL,NULL
4445114986,2016-05-03,7502,5.17999982833862,725,2421,2,417,450,6.94999980926514,7.5,NULL,NULL,NULL,NULL
4445114986,2016-05-04,2923,1.96000003814697,897,2070,2,337,363,5.61999988555908,6.05000019073486,NULL,NULL,NULL,NULL
4445114986,2016-05-05,3800,2.54999995231628,734,2120,2,462,513,7.69999980926514,8.55000019073486,NULL,NULL,NULL,NULL
4445114986,2016-05-06,4514,3.02999997138977,809,2211,2,374,402,6.23000001907349,6.69999980926514,NULL,NULL,NULL,NULL
4445114986,2016-05-07,5183,3.58999991416931,866,2123,2,401,436,6.67999982833862,7.26999998092651,NULL,NULL,NULL,NULL
4445114986,2016-05-08,7303,4.90000009536743,733,2423,1,361,391,6.01999998092651,6.51999998092651,NULL,NULL,NULL,NULL
4445114986,2016-05-09,5275,3.53999996185303,641,2281,1,457,533,7.61999988555908,8.88000011444092,NULL,NULL,NULL,NULL
4445114986,2016-05-10,3915,2.63000011444092,783,2181,1,405,426,6.75,7.09999990463257,NULL,NULL,NULL,NULL
4445114986,2016-05-11,9105,6.1100001335144,622,2499,1,499,530,8.31999969482422,8.82999992370605,NULL,NULL,NULL,NULL
4445114986,2016-05-12,768,0.519999980926514,380,1212,1,483,501,8.05000019073486,8.35000038146973,NULL,NULL,NULL,NULL
4558609924,2016-04-21,13743,9.07999992370605,844,2486,1,126,137,2.09999990463257,2.27999997138977,NULL,NULL,NULL,NULL
4558609924,2016-04-26,9148,6.05000019073486,1062,2223,1,103,121,1.72000002861023,2.01999998092651,NULL,NULL,NULL,NULL
4558609924,2016-04-29,7833,5.17999982833862,1096,1918,1,171,179,2.84999990463257,2.98000001907349,NULL,NULL,NULL,NULL
4558609924,2016-05-01,3428,2.26999998092651,1121,1692,1,115,129,1.91999995708466,2.15000009536743,69.9000015258789,154.103118896484,27.3199996948242,1
4558609924,2016-05-08,6543,4.32999992370605,1019,2666,1,123,134,2.04999995231628,2.23000001907349,NULL,NULL,NULL,NULL
4702921684,2016-04-12,7213,5.88000011444092,718,2947,1,425,439,7.07999992370605,7.32000017166138,NULL,NULL,NULL,NULL
4702921684,2016-04-13,6877,5.57999992370605,777,2898,2,400,430,6.67000007629395,7.17000007629395,NULL,NULL,NULL,NULL
4702921684,2016-04-14,7860,6.36999988555908,772,2984,1,384,415,6.40000009536743,6.92000007629395,NULL,NULL,NULL,NULL
4702921684,2016-04-15,6506,5.28000020980835,944,2896,1,253,257,4.21999979019165,4.28000020980835,NULL,NULL,NULL,NULL
4702921684,2016-04-16,11140,9.02999973297119,556,3328,2,382,406,6.36999988555908,6.76999998092651,NULL,NULL,NULL,NULL
4702921684,2016-04-17,12692,10.289999961853,437,3394,1,591,612,9.85000038146973,10.1999998092651,NULL,NULL,NULL,NULL
4702921684,2016-04-18,9105,7.38000011444092,890,3013,1,293,312,4.88000011444092,5.19999980926514,NULL,NULL,NULL,NULL
4702921684,2016-04-19,6708,5.44000005722046,757,2812,1,457,487,7.61999988555908,8.11999988555908,NULL,NULL,NULL,NULL
4702921684,2016-04-20,8793,7.13000011444092,717,3061,1,454,468,7.57000017166138,7.80000019073486,NULL,NULL,NULL,NULL
4702921684,2016-04-21,6530,5.30000019073486,901,2729,1,425,434,7.07999992370605,7.23000001907349,NULL,NULL,NULL,NULL
4702921684,2016-04-23,15126,12.2700004577637,469,3691,1,465,475,7.75,7.92000007629395,NULL,NULL,NULL,NULL
4702921684,2016-04-24,15050,12.2200002670288,542,3538,1,480,506,8,8.43000030517578,NULL,NULL,NULL,NULL
4702921684,2016-04-25,9167,7.42999982833862,730,3064,1,370,380,6.17000007629395,6.32999992370605,NULL,NULL,NULL,NULL
4702921684,2016-04-26,6108,4.94999980926514,765,2784,1,421,429,7.01999998092651,7.15000009536743,NULL,NULL,NULL,NULL
4702921684,2016-04-27,7047,5.71999979019165,733,2908,1,432,449,7.19999980926514,7.48000001907349,NULL,NULL,NULL,NULL
4702921684,2016-04-28,9023,7.32000017166138,738,3033,1,442,461,7.36999988555908,7.67999982833862,NULL,NULL,NULL,NULL
4702921684,2016-04-29,9930,8.05000019073486,692,3165,1,433,447,7.21999979019165,7.44999980926514,NULL,NULL,NULL,NULL
4702921684,2016-04-30,10144,8.22999954223633,728,3115,1,479,501,7.98000001907349,8.35000038146973,NULL,NULL,NULL,NULL
4702921684,2016-05-03,9454,7.67000007629395,729,3145,1,327,373,5.44999980926514,6.21999979019165,NULL,NULL,NULL,NULL
4702921684,2016-05-04,8161,6.61999988555908,757,3004,1,412,434,6.86999988555908,7.23000001907349,NULL,NULL,NULL,NULL
4702921684,2016-05-05,8614,6.98999977111816,745,3006,1,414,428,6.90000009536743,7.13000011444092,NULL,NULL,NULL,NULL
4702921684,2016-05-06,6943,5.63000011444092,682,2859,1,404,449,6.73000001907349,7.48000001907349,NULL,NULL,NULL,NULL
4702921684,2016-05-07,14370,11.6499996185303,577,3683,1,520,543,8.67000007629395,9.05000019073486,NULL,NULL,NULL,NULL
4702921684,2016-05-09,8232,6.67999982833862,746,2990,1,435,458,7.25,7.63000011444092,NULL,NULL,NULL,NULL
4702921684,2016-05-10,10613,8.60999965667725,701,3172,1,416,431,6.92999982833862,7.17999982833862,NULL,NULL,NULL,NULL
4702921684,2016-05-11,9810,7.96000003814697,784,3069,1,354,366,5.90000009536743,6.09999990463257,NULL,NULL,NULL,NULL
4702921684,2016-05-12,2752,2.23000001907349,241,1240,1,404,442,6.73000001907349,7.36999988555908,NULL,NULL,NULL,NULL
5553957443,2016-04-12,11596,7.57000017166138,767,2026,1,441,464,7.34999990463257,7.73000001907349,NULL,NULL,NULL,NULL
5553957443,2016-04-13,4832,3.16000008583069,647,1718,2,455,488,7.57999992370605,8.13000011444092,NULL,NULL,NULL,NULL
5553957443,2016-04-14,17022,11.1199998855591,693,2324,1,357,418,5.94999980926514,6.96999979019165,NULL,NULL,NULL,NULL
5553957443,2016-04-15,16556,10.8599996566772,689,2254,1,377,409,6.28000020980835,6.82000017166138,NULL,NULL,NULL,NULL
5553957443,2016-04-16,5771,3.76999998092651,521,1831,2,651,686,10.8500003814697,11.4300003051758,NULL,NULL,NULL,NULL
5553957443,2016-04-17,655,0.430000007152557,943,1397,1,350,402,5.82999992370605,6.69999980926514,NULL,NULL,NULL,NULL
5553957443,2016-04-18,3727,2.4300000667572,622,1683,2,520,541,8.67000007629395,9.02000045776367,NULL,NULL,NULL,NULL
5553957443,2016-04-19,15482,10.1099996566772,756,2284,1,357,410,5.94999980926514,6.82999992370605,NULL,NULL,NULL,NULL
5553957443,2016-04-20,2713,1.76999998092651,598,1570,1,658,678,10.9700002670288,11.3000001907349,NULL,NULL,NULL,NULL
5553957443,2016-04-21,12346,8.0600004196167,801,2066,1,399,431,6.65000009536743,7.17999982833862,NULL,NULL,NULL,NULL
5553957443,2016-04-22,11682,7.63000011444092,781,2105,1,322,353,5.36999988555908,5.88000011444092,NULL,NULL,NULL,NULL
5553957443,2016-04-23,4112,2.69000005722046,443,1776,2,631,725,10.5200004577637,12.0799999237061,NULL,NULL,NULL,NULL
5553957443,2016-04-24,1807,1.17999994754791,582,1507,2,553,640,9.22000026702881,10.6700000762939,NULL,NULL,NULL,NULL
5553957443,2016-04-25,10946,7.19000005722046,732,2033,1,433,468,7.21999979019165,7.80000019073486,NULL,NULL,NULL,NULL
5553957443,2016-04-26,11886,7.76000022888184,750,2093,1,412,453,6.86999988555908,7.55000019073486,NULL,NULL,NULL,NULL
5553957443,2016-04-27,10538,6.88000011444092,745,1922,1,347,391,5.78000020980835,6.51999998092651,NULL,NULL,NULL,NULL
5553957443,2016-04-28,11393,7.63000011444092,727,1999,1,421,457,7.01999998092651,7.61999988555908,NULL,NULL,NULL,NULL
5553957443,2016-04-29,12764,8.32999992370605,709,2169,1,450,495,7.5,8.25,NULL,NULL,NULL,NULL
5553957443,2016-04-30,1202,0.779999971389771,506,1463,2,775,843,12.9200000762939,14.0500001907349,NULL,NULL,NULL,NULL
5553957443,2016-05-01,5164,3.36999988555908,436,1747,2,622,686,10.3699998855591,11.4300003051758,NULL,NULL,NULL,NULL
5553957443,2016-05-02,9769,6.38000011444092,724,1996,1,409,471,6.82000017166138,7.84999990463257,NULL,NULL,NULL,NULL
5553957443,2016-05-03,12848,8.39000034332275,812,2116,1,380,429,6.32999992370605,7.15000009536743,NULL,NULL,NULL,NULL
5553957443,2016-05-04,4249,2.76999998092651,651,1698,1,447,470,7.44999980926514,7.82999992370605,NULL,NULL,NULL,NULL
5553957443,2016-05-05,14331,9.51000022888184,692,2156,1,419,464,6.98000001907349,7.73000001907349,NULL,NULL,NULL,NULL
5553957443,2016-05-06,9632,6.28999996185303,761,1916,1,400,434,6.67000007629395,7.23000001907349,NULL,NULL,NULL,NULL
5553957443,2016-05-07,1868,1.22000002861023,902,1494,1,442,470,7.36999988555908,7.82999992370605,NULL,NULL,NULL,NULL
5553957443,2016-05-08,6083,4,505,1762,1,568,608,9.47000026702881,10.1300001144409,NULL,NULL,NULL,NULL
5553957443,2016-05-09,11611,7.57999992370605,667,2272,1,453,494,7.55000019073486,8.22999954223633,NULL,NULL,NULL,NULL
5553957443,2016-05-10,16358,10.710000038147,707,2335,1,418,443,6.96999979019165,7.38000011444092,NULL,NULL,NULL,NULL
5553957443,2016-05-11,4926,3.22000002861023,628,1693,1,463,486,7.71999979019165,8.10000038146973,NULL,NULL,NULL,NULL
5553957443,2016-05-12,3121,2.03999996185303,222,741,1,438,475,7.30000019073486,7.92000007629395,NULL,NULL,NULL,NULL
5577150313,2016-04-12,8135,6.07999992370605,728,3405,1,419,438,6.98000001907349,7.30000019073486,NULL,NULL,NULL,NULL
5577150313,2016-04-13,5077,3.78999996185303,776,2551,1,432,458,7.19999980926514,7.63000011444092,NULL,NULL,NULL,NULL
5577150313,2016-04-14,8596,6.42000007629395,662,4022,1,477,497,7.94999980926514,8.27999973297119,NULL,NULL,NULL,NULL
5577150313,2016-04-15,12087,9.07999992370605,695,4005,1,392,413,6.53000020980835,6.88000011444092,NULL,NULL,NULL,NULL
5577150313,2016-04-16,14269,10.6599998474121,472,4274,1,406,445,6.76999998092651,7.42000007629395,NULL,NULL,NULL,NULL
5577150313,2016-04-17,12231,9.14000034332275,525,4552,1,549,583,9.14999961853027,9.72000026702881,90.6999969482422,199.959259033203,28,0
5577150313,2016-04-18,9893,7.3899998664856,623,3625,1,527,553,8.77999973297119,9.22000026702881,NULL,NULL,NULL,NULL
5577150313,2016-04-19,12574,9.42000007629395,733,3501,1,449,465,7.48000001907349,7.75,NULL,NULL,NULL,NULL
5577150313,2016-04-20,8330,6.21999979019165,773,3192,1,447,480,7.44999980926514,8,NULL,NULL,NULL,NULL
5577150313,2016-04-21,10830,8.09000015258789,670,4018,1,414,437,6.90000009536743,7.28000020980835,NULL,NULL,NULL,NULL
5577150313,2016-04-22,9172,6.84999990463257,823,3329,1,338,366,5.63000011444092,6.09999990463257,NULL,NULL,NULL,NULL
5577150313,2016-04-23,7638,5.71000003814697,627,3152,1,384,402,6.40000009536743,6.69999980926514,NULL,NULL,NULL,NULL
5577150313,2016-04-24,15764,11.7799997329712,425,4392,1,543,615,9.05000019073486,10.25,NULL,NULL,NULL,NULL
5577150313,2016-04-25,6393,4.78000020980835,743,3374,1,421,461,7.01999998092651,7.67999982833862,NULL,NULL,NULL,NULL
5577150313,2016-04-26,5325,3.98000001907349,759,3088,1,354,377,5.90000009536743,6.28000020980835,NULL,NULL,NULL,NULL
5577150313,2016-04-27,6805,5.1399998664856,773,3294,1,424,452,7.07000017166138,7.53000020980835,NULL,NULL,NULL,NULL
5577150313,2016-04-28,9841,7.42999982833862,692,3580,1,361,372,6.01999998092651,6.19999980926514,NULL,NULL,NULL,NULL
5577150313,2016-04-29,7924,5.92000007629395,739,3544,1,459,485,7.65000009536743,8.07999992370605,NULL,NULL,NULL,NULL
5577150313,2016-04-30,12363,9.23999977111816,621,4501,1,412,433,6.86999988555908,7.21999979019165,NULL,NULL,NULL,NULL
5577150313,2016-05-01,13368,9.98999977111816,499,4546,1,379,398,6.32000017166138,6.63000011444092,NULL,NULL,NULL,NULL
5577150313,2016-05-02,7439,5.55999994277954,732,3014,2,525,553,8.75,9.22000026702881,NULL,NULL,NULL,NULL
5577150313,2016-05-03,11045,8.25,580,3795,1,508,543,8.47000026702881,9.05000019073486,NULL,NULL,NULL,NULL
5577150313,2016-05-04,5206,3.89000010490417,631,2755,1,603,634,10.0500001907349,10.5699996948242,NULL,NULL,NULL,NULL
5577150313,2016-05-05,7550,5.6399998664856,1153,3004,1,74,78,1.23000001907349,1.29999995231628,NULL,NULL,NULL,NULL
5577150313,2016-05-10,8869,6.65000009536743,639,3841,1,504,562,8.39999961853027,9.36999988555908,NULL,NULL,NULL,NULL
5577150313,2016-05-11,4038,3.03999996185303,257,1665,1,431,476,7.17999982833862,7.92999982833862,NULL,NULL,NULL,NULL
6117666160,2016-04-16,14450,10.9099998474121,502,2828,1,380,398,6.32999992370605,6.63000011444092,NULL,NULL,NULL,NULL
6117666160,2016-04-17,7150,5.40000009536743,702,2225,2,336,350,5.59999990463257,5.82999992370605,NULL,NULL,NULL,NULL
6117666160,2016-04-18,5153,3.91000008583069,759,2018,2,493,510,8.22000026702881,8.5,NULL,NULL,NULL,NULL
6117666160,2016-04-19,11135,8.40999984741211,425,2606,1,465,492,7.75,8.19999980926514,NULL,NULL,NULL,NULL
6117666160,2016-04-20,10449,8.02000045776367,587,2536,1,474,502,7.90000009536743,8.36999988555908,NULL,NULL,NULL,NULL
6117666160,2016-04-21,19542,15.0100002288818,579,4900,1,508,550,8.47000026702881,9.17000007629395,NULL,NULL,NULL,NULL
6117666160,2016-04-22,8206,6.19999980926514,413,2409,1,480,546,8,9.10000038146973,NULL,NULL,NULL,NULL
6117666160,2016-04-23,11495,8.68000030517578,468,2651,1,492,539,8.19999980926514,8.97999954223633,NULL,NULL,NULL,NULL
6117666160,2016-04-24,7623,5.76000022888184,711,2305,1,353,367,5.88000011444092,6.11999988555908,NULL,NULL,NULL,NULL
6117666160,2016-04-27,9411,7.1100001335144,417,2576,1,542,557,9.02999973297119,9.27999973297119,NULL,NULL,NULL,NULL
6117666160,2016-04-28,3403,2.59999990463257,758,1879,1,393,416,6.55000019073486,6.92999982833862,NULL,NULL,NULL,NULL
6117666160,2016-04-29,9592,7.23999977111816,479,2560,1,600,636,10,10.6000003814697,NULL,NULL,NULL,NULL
6117666160,2016-05-01,8915,6.73000001907349,525,2361,1,507,575,8.44999980926514,9.57999992370605,NULL,NULL,NULL,NULL
6117666160,2016-05-05,9799,7.40000009536743,479,2636,1,392,415,6.53000020980835,6.92000007629395,NULL,NULL,NULL,NULL
6117666160,2016-05-06,3365,2.6800000667572,673,1838,2,658,698,10.9700002670288,11.6300001144409,NULL,NULL,NULL,NULL
6117666160,2016-05-07,7336,5.53999996185303,456,2469,2,498,507,8.30000019073486,8.44999980926514,NULL,NULL,NULL,NULL
6117666160,2016-05-08,7328,5.53000020980835,517,2250,1,555,603,9.25,10.0500001907349,NULL,NULL,NULL,NULL
6117666160,2016-05-09,4477,3.38000011444092,125,1248,1,492,522,8.19999980926514,8.69999980926514,NULL,NULL,NULL,NULL
6775888955,2016-04-13,4053,2.91000008583069,1053,2400,1,235,260,3.92000007629395,4.32999992370605,NULL,NULL,NULL,NULL
6775888955,2016-04-14,5162,3.70000004768372,863,2507,1,423,441,7.05000019073486,7.34999990463257,NULL,NULL,NULL,NULL
6775888955,2016-04-15,1282,0.920000016689301,976,2127,1,391,406,6.51999998092651,6.76999998092651,NULL,NULL,NULL,NULL
6962181067,2016-04-12,10199,6.73999977111816,796,1994,1,366,387,6.09999990463257,6.44999980926514,62.5,137.788909912109,24.3899993896484,1
6962181067,2016-04-13,5652,3.74000000953674,548,1718,3,630,679,10.5,11.3199996948242,62.0999984741211,136.90705871582,24.2399997711182,1
6962181067,2016-04-14,1551,1.02999997138977,862,1466,2,508,535,8.47000026702881,8.92000007629395,61.7000007629395,136.02522277832,24.1000003814697,1
6962181067,2016-04-15,5563,3.6800000667572,837,1756,1,370,386,6.17000007629395,6.42999982833862,61.5,135.584289550781,24,1
6962181067,2016-04-16,13217,8.73999977111816,741,2173,1,357,366,5.94999980926514,6.09999990463257,62,136.686599731445,24.2099990844727,1
6962181067,2016-04-17,10145,6.71000003814697,634,2027,1,427,446,7.11999988555908,7.42999982833862,61.4000015258789,135.363830566406,23.9599990844727,1
6962181067,2016-04-18,11404,7.53999996185303,689,2039,1,442,458,7.36999988555908,7.63000011444092,61.2000007629395,134.922912597656,23.8899993896484,1
6962181067,2016-04-19,10742,7.09999990463257,659,2046,1,476,535,7.92999982833862,8.92000007629395,61.4000015258789,135.363830566406,23.9599990844727,1
6962181067,2016-04-20,13928,9.55000019073486,639,2174,1,418,424,6.96999979019165,7.07000017166138,61.7000007629395,136.02522277832,24.1000003814697,1
6962181067,2016-04-21,11835,9.71000003814697,708,2179,1,451,457,7.51999998092651,7.61999988555908,61.4000015258789,135.363830566406,23.9599990844727,1
6962181067,2016-04-22,10725,7.09000015258789,659,2086,1,425,435,7.07999992370605,7.25,61.4000015258789,135.363830566406,23.9599990844727,1
6962181067,2016-04-23,20031,13.2399997711182,484,2571,1,528,546,8.80000019073486,9.10000038146973,61.5,135.584289550781,24,1
6962181067,2016-04-24,5029,3.3199999332428,720,1705,1,511,514,8.52000045776367,8.56999969482422,61.5,135.584289550781,24,1
6962181067,2016-04-25,13239,9.27000045776367,637,2194,1,400,415,6.67000007629395,6.92000007629395,61.7000007629395,136.02522277832,24.1000003814697,1
6962181067,2016-04-26,10433,6.90000009536743,680,2012,1,441,446,7.34999990463257,7.42999982833862,NULL,NULL,NULL,NULL
6962181067,2016-04-27,10320,6.82000017166138,697,2034,1,455,467,7.57999992370605,7.78000020980835,61.2000007629395,134.922912597656,23.8899993896484,1
6962181067,2016-04-28,12627,8.35000038146973,621,2182,1,440,453,7.32999992370605,7.55000019073486,61.2000007629395,134.922912597656,23.8899993896484,1
6962181067,2016-04-29,10762,7.1100001335144,645,2254,1,433,447,7.21999979019165,7.44999980926514,61.4000015258789,135.363830566406,23.9599990844727,1
6962181067,2016-04-30,10081,6.65999984741211,731,2002,1,422,424,7.03000020980835,7.07000017166138,61,134.481979370117,23.8199996948242,1
6962181067,2016-05-01,5454,3.60999989509583,722,1740,1,411,426,6.84999990463257,7.09999990463257,61.7000007629395,136.02522277832,24.1000003814697,1
6962181067,2016-05-02,12912,8.53999996185303,655,2162,1,466,482,7.76999998092651,8.02999973297119,61.5,135.584289550781,24,1
6962181067,2016-05-03,12109,8.11999988555908,654,2072,1,394,418,6.57000017166138,6.96999979019165,61,134.481979370117,23.8199996948242,1
6962181067,2016-05-04,10147,6.71000003814697,683,2086,1,442,455,7.36999988555908,7.57999992370605,61.0999984741211,134.702438354492,23.8500003814697,1
6962181067,2016-05-05,10524,6.96000003814697,591,2066,1,467,491,7.78000020980835,8.18000030517578,61.2999992370605,135.143371582031,23.9300003051758,1
6962181067,2016-05-06,5908,3.91000008583069,717,1850,1,443,462,7.38000011444092,7.69999980926514,61.5,135.584289550781,24,1
6962181067,2016-05-07,6815,4.5,745,1947,1,298,334,4.96999979019165,5.57000017166138,61.2000007629395,134.922912597656,23.8899993896484,1
6962181067,2016-05-08,4188,2.76999998092651,709,1659,1,541,569,9.02000045776367,9.47999954223633,61.2000007629395,134.922912597656,23.8899993896484,1
6962181067,2016-05-09,12342,8.72000026702881,607,2105,1,489,497,8.14999961853027,8.27999973297119,62.4000015258789,137.568450927734,24.3500003814697,1
6962181067,2016-05-10,15448,10.210000038147,626,2361,1,469,481,7.82000017166138,8.02000045776367,62.0999984741211,136.90705871582,24.2399997711182,1
6962181067,2016-05-11,6722,4.44000005722046,709,1855,1,452,480,7.53000020980835,8,61.9000015258789,136.46614074707,24.1700000762939,1
6962181067,2016-05-12,3587,2.36999988555908,127,928,1,516,535,8.60000038146973,8.92000007629395,61.9000015258789,136.46614074707,24.1700000762939,1
7007744171,2016-04-16,4631,3.09999990463257,1155,2076,1,79,82,1.32000005245209,1.37000000476837,NULL,NULL,NULL,NULL
7007744171,2016-05-01,5600,3.75,1142,2225,1,58,61,0.970000028610229,1.01999998092651,NULL,NULL,NULL,NULL
7086361926,2016-04-12,11317,8.40999984741211,745,2772,1,514,525,8.56999969482422,8.75,NULL,NULL,NULL,NULL
7086361926,2016-04-13,5813,3.61999988555908,744,2516,1,451,465,7.51999998092651,7.75,NULL,NULL,NULL,NULL
7086361926,2016-04-14,9123,6.11999988555908,787,2734,1,472,476,7.86999988555908,7.92999982833862,NULL,NULL,NULL,NULL
7086361926,2016-04-15,8585,5.67000007629395,864,2395,1,377,386,6.28000020980835,6.42999982833862,NULL,NULL,NULL,NULL
7086361926,2016-04-19,10688,7.28999996185303,671,2944,1,472,483,7.86999988555908,8.05000019073486,NULL,NULL,NULL,NULL
7086361926,2016-04-20,14365,10.6400003433228,797,2997,1,492,502,8.19999980926514,8.36999988555908,NULL,NULL,NULL,NULL
7086361926,2016-04-21,9469,6.17999982833862,758,2463,1,390,411,6.5,6.84999990463257,NULL,NULL,NULL,NULL
7086361926,2016-04-22,9753,6.53000020980835,762,2846,1,428,448,7.13000011444092,7.46999979019165,NULL,NULL,NULL,NULL
7086361926,2016-04-24,3520,2.16000008583069,566,2049,1,681,704,11.3500003814697,11.7299995422363,NULL,NULL,NULL,NULL
7086361926,2016-04-25,10091,6.82000017166138,706,2752,1,446,447,7.42999982833862,7.44999980926514,NULL,NULL,NULL,NULL
7086361926,2016-04-26,10387,7.07000017166138,726,2781,1,485,500,8.07999992370605,8.32999992370605,NULL,NULL,NULL,NULL
7086361926,2016-04-27,11107,8.34000015258789,829,2693,1,469,479,7.82000017166138,7.98000001907349,NULL,NULL,NULL,NULL
7086361926,2016-04-28,11584,7.80000019073486,810,2862,1,354,367,5.90000009536743,6.11999988555908,NULL,NULL,NULL,NULL
7086361926,2016-04-30,14560,9.40999984741211,584,2995,1,485,489,8.07999992370605,8.14999961853027,NULL,NULL,NULL,NULL
7086361926,2016-05-01,12390,8.06999969482422,685,2730,1,388,407,6.46999979019165,6.78000020980835,NULL,NULL,NULL,NULL
7086361926,2016-05-02,10052,6.80999994277954,737,2754,1,440,459,7.32999992370605,7.65000009536743,NULL,NULL,NULL,NULL
7086361926,2016-05-03,10288,6.76000022888184,761,2754,1,456,461,7.59999990463257,7.67999982833862,NULL,NULL,NULL,NULL
7086361926,2016-05-04,10988,8.3100004196167,843,2655,1,420,436,7,7.26999998092651,NULL,NULL,NULL,NULL
7086361926,2016-05-06,12461,8.38000011444092,834,2924,1,322,333,5.36999988555908,5.55000019073486,NULL,NULL,NULL,NULL
7086361926,2016-05-07,12827,8.47999954223633,621,2739,1,530,548,8.82999992370605,9.13000011444092,NULL,NULL,NULL,NULL
7086361926,2016-05-08,10677,7.09999990463257,695,2534,1,481,510,8.02000045776367,8.5,NULL,NULL,NULL,NULL
7086361926,2016-05-09,13566,9.10999965667725,743,2960,1,427,438,7.11999988555908,7.30000019073486,NULL,NULL,NULL,NULL
7086361926,2016-05-11,9572,6.51999998092651,757,2735,1,451,463,7.51999998092651,7.71999979019165,NULL,NULL,NULL,NULL
7086361926,2016-05-12,3789,2.55999994277954,343,1199,1,444,457,7.40000009536743,7.61999988555908,NULL,NULL,NULL,NULL
8053475328,2016-04-20,15108,12.1899995803833,695,3043,1,486,493,8.10000038146973,8.22000026702881,NULL,NULL,NULL,NULL
8053475328,2016-04-23,22359,17.1900005340576,741,3554,1,331,337,5.51999998092651,5.61999988555908,NULL,NULL,NULL,NULL
8053475328,2016-05-07,19769,15.6700000762939,1076,3331,1,74,75,1.23000001907349,1.25,NULL,NULL,NULL,NULL
8378563200,2016-04-12,7626,6.05000019073486,723,3635,1,338,356,5.63000011444092,5.92999982833862,NULL,NULL,NULL,NULL
8378563200,2016-04-13,12386,9.81999969482422,680,4079,2,447,487,7.44999980926514,8.11999988555908,NULL,NULL,NULL,NULL
8378563200,2016-04-14,13318,10.5600004196167,699,4163,1,424,455,7.07000017166138,7.57999992370605,NULL,NULL,NULL,NULL
8378563200,2016-04-15,14461,11.4700002670288,729,3666,1,513,533,8.55000019073486,8.88000011444092,NULL,NULL,NULL,NULL
8378563200,2016-04-16,11207,8.89000034332275,563,3363,2,611,689,10.1800003051758,11.4799995422363,NULL,NULL,NULL,NULL
8378563200,2016-04-17,2132,1.69000005722046,599,2572,2,525,591,8.75,9.85000038146973,NULL,NULL,NULL,NULL
8378563200,2016-04-18,13630,10.8100004196167,720,4157,1,398,451,6.63000011444092,7.51999998092651,NULL,NULL,NULL,NULL
8378563200,2016-04-19,13070,10.3599996566772,737,4092,1,387,421,6.44999980926514,7.01999998092651,NULL,NULL,NULL,NULL
8378563200,2016-04-20,9388,7.44000005722046,763,3787,1,381,409,6.34999990463257,6.82000017166138,NULL,NULL,NULL,NULL
8378563200,2016-04-21,15148,12.0100002288818,677,4236,1,396,417,6.59999990463257,6.94999980926514,NULL,NULL,NULL,NULL
8378563200,2016-04-22,12200,9.67000007629395,769,4044,1,441,469,7.34999990463257,7.82000017166138,NULL,NULL,NULL,NULL
8378563200,2016-04-23,5709,4.53000020980835,740,2908,1,565,591,9.42000007629395,9.85000038146973,NULL,NULL,NULL,NULL
8378563200,2016-04-24,3703,2.94000005722046,734,2741,1,458,492,7.63000011444092,8.19999980926514,NULL,NULL,NULL,NULL
8378563200,2016-04-25,12405,9.84000015258789,692,4005,1,388,402,6.46999979019165,6.69999980926514,NULL,NULL,NULL,NULL
8378563200,2016-04-26,16208,12.8500003814697,593,3763,1,550,584,9.17000007629395,9.72999954223633,NULL,NULL,NULL,NULL
8378563200,2016-04-27,7359,5.84000015258789,676,3061,1,531,600,8.85000038146973,10,NULL,NULL,NULL,NULL
8378563200,2016-04-28,5417,4.30000019073486,711,2884,1,506,556,8.43000030517578,9.27000045776367,NULL,NULL,NULL,NULL
8378563200,2016-04-29,6175,4.90000009536743,767,2982,1,527,562,8.77999973297119,9.36999988555908,NULL,NULL,NULL,NULL
8378563200,2016-04-30,2946,2.33999991416931,780,2660,1,468,555,7.80000019073486,9.25,NULL,NULL,NULL,NULL
8378563200,2016-05-01,11419,9.0600004196167,669,3369,1,475,539,7.92000007629395,8.97999954223633,NULL,NULL,NULL,NULL
8378563200,2016-05-02,6064,4.80999994277954,802,3491,1,351,385,5.84999990463257,6.42000007629395,NULL,NULL,NULL,NULL
8378563200,2016-05-03,8712,6.90999984741211,822,3784,1,405,429,6.75,7.15000009536743,NULL,NULL,NULL,NULL
8378563200,2016-05-04,7875,6.23999977111816,680,3110,1,441,477,7.34999990463257,7.94999980926514,NULL,NULL,NULL,NULL
8378563200,2016-05-05,8567,6.78999996185303,764,3783,1,381,417,6.34999990463257,6.94999980926514,NULL,NULL,NULL,NULL
8378563200,2016-05-06,7045,5.59000015258789,831,3644,1,323,355,5.38000011444092,5.92000007629395,NULL,NULL,NULL,NULL
8378563200,2016-05-07,4468,3.53999996185303,851,2799,2,459,513,7.65000009536743,8.55000019073486,NULL,NULL,NULL,NULL
8378563200,2016-05-08,2943,2.32999992370605,621,2685,1,545,606,9.07999992370605,10.1000003814697,NULL,NULL,NULL,NULL
8378563200,2016-05-09,8382,6.65000009536743,772,3721,1,359,399,5.98000001907349,6.65000009536743,NULL,NULL,NULL,NULL
8378563200,2016-05-10,6582,5.21999979019165,840,3586,1,342,391,5.69999980926514,6.51999998092651,NULL,NULL,NULL,NULL
8378563200,2016-05-11,9143,7.25,763,3788,1,368,387,6.13000011444092,6.44999980926514,NULL,NULL,NULL,NULL
8378563200,2016-05-12,4561,3.61999988555908,433,1976,1,496,546,8.27000045776367,9.10000038146973,NULL,NULL,NULL,NULL
8792009665,2016-04-12,2564,1.63999998569489,831,2044,1,458,493,7.63000011444092,8.22000026702881,NULL,NULL,NULL,NULL
8792009665,2016-04-13,1320,0.839999973773956,806,1934,1,531,552,8.85000038146973,9.19999980926514,NULL,NULL,NULL,NULL
8792009665,2016-04-14,1219,0.779999971389771,853,1963,1,486,503,8.10000038146973,8.38000011444092,NULL,NULL,NULL,NULL
8792009665,2016-04-15,2483,1.5900000333786,937,2009,1,363,377,6.05000019073486,6.28000020980835,NULL,NULL,NULL,NULL
8792009665,2016-04-20,3147,2.00999999046326,744,2188,1,528,547,8.80000019073486,9.11999988555908,NULL,NULL,NULL,NULL
8792009665,2016-04-22,4068,2.59999990463257,817,2419,1,391,407,6.51999998092651,6.78000020980835,NULL,NULL,NULL,NULL
8792009665,2016-04-23,5245,3.35999989509583,795,2748,1,339,360,5.65000009536743,6,NULL,NULL,NULL,NULL
8792009665,2016-04-27,1758,1.12999999523163,900,2067,1,423,428,7.05000019073486,7.13000011444092,NULL,NULL,NULL,NULL
8792009665,2016-04-28,6157,3.94000005722046,714,2780,1,402,416,6.69999980926514,6.92999982833862,NULL,NULL,NULL,NULL
8792009665,2016-04-29,8360,5.34999990463257,634,3101,1,398,406,6.63000011444092,6.76999998092651,NULL,NULL,NULL,NULL
8792009665,2016-04-30,7174,4.59000015258789,749,2896,1,343,360,5.71999979019165,6,NULL,NULL,NULL,NULL
8792009665,2016-05-01,1619,1.03999996185303,834,1962,1,503,527,8.38000011444092,8.77999973297119,NULL,NULL,NULL,NULL
8792009665,2016-05-02,1831,1.16999995708466,916,2015,1,415,423,6.92000007629395,7.05000019073486,NULL,NULL,NULL,NULL
8792009665,2016-05-03,2421,1.54999995231628,739,2297,1,516,545,8.60000038146973,9.07999992370605,NULL,NULL,NULL,NULL
8792009665,2016-05-04,2283,1.46000003814697,848,2067,1,439,463,7.32000017166138,7.71999979019165,NULL,NULL,NULL,NULL
