id,activity_date,total_steps,total_distance,very_active_distance,moderately_active_distance,light_active_distance,very_active_minutes,fairly_active_minutes,lightly_active_minutes,sedentary_minutes,calories
1503960366,2016-05-12,0,0,0,0,0,0,0,0,1440,0
1624580081,2016-05-12,2971,1.9299999475479126,0,0,1.9199999570846558,0,0,107,890,1002
1844505072,2016-05-12,0,0,0,0,0,0,0,0,711,665
1927972279,2016-05-12,0,0,0,0,0,0,0,0,966,1383
2022484408,2016-05-12,9117,6.4099998474121094,1.2799999713897705,0.67000001668930054,4.440000057220459,16,16,236,728,1853
2026352035,2016-05-12,8891,5.5100002288818359,0,0,5.5100002288818359,0,0,343,330,1364
2320127002,2016-05-12,2661,1.7899999618530273,0,0,1.7899999618530273,0,0,128,830,1125
2873212765,2016-05-12,7566,5.1100001335144043,0,0,5.1100001335144043,0,0,268,720,1431
4020332650,2016-05-12,590,0.41999998688697815,0,0,0.40999999642372131,0,0,21,721,1120
4319703577,2016-05-12,17,9.9999997764825821E-3,0,0,9.9999997764825821E-3,0,0,2,0,257
4388161847,2016-05-12,3369,2.5899999141693115,0,0,2.5899999141693115,0,0,108,825,1623
4445114986,2016-05-12,768,0.51999998092651367,0,0,0.51999998092651367,0,0,58,380,1212
4558609924,2016-05-12,6307,4.1700000762939453,0,0,4.1700000762939453,0,0,247,736,1452
4702921684,2016-05-12,2752,2.2300000190734863,0,0,2.2300000190734863,0,0,68,241,1240
5553957443,2016-05-12,3121,2.0399999618530273,0.57999998331069946,0.40000000596046448,1.059999942779541,8,6,48,222,741
6962181067,2016-05-12,3587,2.369999885559082,0,0.25,2.1099998950958252,0,8,105,127,928
7086361926,2016-05-12,3789,2.559999942779541,0.37999999523162842,0.27000001072883606,1.8899999856948853,5,4,58,343,1199
8053475328,2016-05-12,4998,3.9100000858306885,2.9500000476837158,0.20000000298023224,0.75999999046325684,28,4,39,839,1505
8378563200,2016-05-12,4561,3.619999885559082,0.64999997615814209,0.27000001072883606,2.690000057220459,8,6,102,433,1976
8583815059,2016-05-12,0,0,0,0,0,0,0,0,1440,0
8877689391,2016-05-12,8064,6.119999885559082,1.8200000524520874,3.9999999105930328E-2,4.25,23,1,137,770,1849
1503960366,2016-05-11,12770,8.130000114440918,2.559999942779541,1.0099999904632568,4.5500001907348633,36,23,251,669,1783
1624580081,2016-05-11,3134,2.0399999618530273,0,0,2.0399999618530273,0,0,112,1328,1359
1644430081,2016-05-11,1329,0.97000002861022949,0,0,0.94999998807907104,0,0,49,713,1276
1844505072,2016-05-11,0,0,0,0,0,0,0,0,1440,1347
1927972279,2016-05-11,0,0,0,0,0,0,0,0,1440,2063
2022484408,2016-05-11,13272,9.3199996948242188,4.179999828338623,1.1499999761581421,3.9900000095367432,58,25,224,1133,2544
2026352035,2016-05-11,8580,5.320000171661377,0,0,5.320000171661377,0,0,330,569,1698
2320127002,2016-05-11,6424,4.3299999237060547,0,0,4.3299999237060547,0,0,300,1140,1903
2873212765,2016-05-11,6440,4.3299999237060547,0,0,4.320000171661377,0,0,319,1121,1826
3977333714,2016-05-11,746,0.5,0.37000000476837158,0,0.12999999523162842,4,0,9,13,52
4020332650,2016-05-11,3689,2.6500000953674316,0.10999999940395355,0.17000000178813934,2.3299999237060547,2,8,134,1296,2645
4319703577,2016-05-11,9129,6.130000114440918,0.20000000298023224,0.74000000953674316,5.179999828338623,3,18,311,574,2232
4388161847,2016-05-11,10201,7.8400001525878906,0.52999997138977051,0.79000002145767212,6.5300002098083496,8,18,256,858,2954
4445114986,2016-05-11,9105,6.1100001335144043,2.25,1,2.8599998950958252,34,22,232,622,2499
4558609924,2016-05-11,9108,6.0199999809265137,0.25999999046325684,1.8200000524520874,3.940000057220459,4,31,324,1081,2131
4702921684,2016-05-11,9810,7.9600000381469727,0.77999997138977051,2.1600000858306885,4.9800000190734863,10,41,235,784,3069
5553957443,2016-05-11,4926,3.2200000286102295,0,0,3.2200000286102295,0,0,195,628,1693
5577150313,2016-05-11,4038,3.0399999618530273,1.8300000429153442,0.30000001192092896,0.88999998569488525,45,15,63,257,1665
6962181067,2016-05-11,6722,4.440000057220459,1.4900000095367432,0.31000000238418579,2.6500000953674316,24,7,199,709,1855
7086361926,2016-05-11,9572,6.5199999809265137,2.8900001049041748,1.3899999856948853,2.2300000190734863,57,40,128,757,2735
8053475328,2016-05-11,12209,9.3999996185302734,6.0799999237060547,0.2800000011920929,3.0399999618530273,60,7,184,1189,2809
8378563200,2016-05-11,9143,7.25,1.3899999856948853,0.5899999737739563,5.2699999809265137,72,10,184,763,3788
8583815059,2016-05-11,8701,6.7899999618530273,0.37000000476837158,3.2400000095367432,3.1700000762939453,5,71,177,1106,2804
8877689391,2016-05-11,21420,19.559999465942383,13.220000267028809,0.40999999642372131,5.8899998664855957,88,12,213,1127,3832
1503960366,2016-05-10,12207,7.7699999809265137,3.3499999046325684,1.1599999666213989,3.2599999904632568,46,31,214,746,1859
1624580081,2016-05-10,2969,1.9299999475479126,0,0,1.9199999570846558,0,0,139,1301,1393
1644430081,2016-05-10,9167,6.6599998474121094,0.87999999523162842,0.81000000238418579,4.9699997901916504,12,19,155,1254,2799
1844505072,2016-05-10,0,0,0,0,0,0,0,0,1440,1347
1927972279,2016-05-10,0,0,0,0,0,0,0,0,1440,2063
2022484408,2016-05-10,12798,8.9799995422363281,2.2200000286102295,1.2100000381469727,5.559999942779541,57,28,271,1084,2797
2026352035,2016-05-10,254,0.15999999642372131,0,0,0.15999999642372131,0,0,17,1002,1141
2320127002,2016-05-10,6227,4.1999998092651367,0,0,4.1999998092651367,0,0,290,1150,1899
2873212765,2016-05-10,8275,5.559999942779541,0,0,5.5500001907348633,0,0,373,1067,1962
3977333714,2016-05-10,13072,8.7799997329711914,7.0000000298023224E-2,5.4000000953674316,3.309999942779541,1,115,196,676,1630
4020332650,2016-05-10,5546,3.9800000190734863,0,0,3.869999885559082,0,0,206,774,2926
4319703577,2016-05-10,9487,6.369999885559082,0.20999999344348907,0.46000000834465027,5.6999998092651367,3,12,329,555,2260
4388161847,2016-05-10,10299,7.9200000762939453,0.81000000238418579,0.64999997615814209,6.4600000381469727,13,14,267,648,3061
4445114986,2016-05-10,3915,2.630000114440918,0,0,2.630000114440918,0,0,231,783,2181
4558609924,2016-05-10,6435,4.25,0.74000000953674316,1.1200000047683716,2.3900001049041748,11,18,220,1191,1889
4702921684,2016-05-10,10613,8.6099996566772461,7.9999998211860657E-2,1.8799999952316284,6.6500000953674316,1,37,262,701,3172
5553957443,2016-05-10,16358,10.710000038146973,3.869999885559082,1.6100000143051147,5.1999998092651367,61,40,265,707,2335
5577150313,2016-05-10,8869,6.6500000953674316,2.559999942779541,0.75,3.3499999046325684,104,37,194,639,3841
6290855005,2016-05-10,0,0,0,0,0,0,0,0,1440,0
6962181067,2016-05-10,15448,10.210000038146973,3.4700000286102295,1.75,4.9899997711181641,62,34,275,626,2361
7086361926,2016-05-10,14433,10.789999961853027,7.1100001335144043,1.2000000476837158,2.4500000476837158,72,23,106,1182,2800
8053475328,2016-05-10,14810,11.359999656677246,9.0900001525878906,0.41999998688697815,1.8500000238418579,96,10,115,1219,2926
8378563200,2016-05-10,6582,5.2199997901916504,0.6600000262260437,0.63999998569488525,3.9200000762939453,63,13,152,840,3586
8583815059,2016-05-10,8240,6.429999828338623,0.68999999761581421,2.0099999904632568,3.7200000286102295,9,43,162,1226,2846
8792009665,2016-05-10,0,0,0,0,0,0,0,0,48,57
8877689391,2016-05-10,10733,8.1499996185302734,1.3500000238418579,0.46000000834465027,6.2800002098083496,18,11,224,1187,2832
1503960366,2016-05-09,12022,7.7199997901916504,3.4500000476837158,0.52999997138977051,3.7400000095367432,46,11,206,835,1819
1624580081,2016-05-09,1732,1.1299999952316284,0,0,1.1299999952316284,0,0,91,1349,1328
1644430081,2016-05-09,6643,4.8299999237060547,2.3900001049041748,0.34999999403953552,2.0899999141693115,32,6,303,1099,3008
1844505072,2016-05-09,0,0,0,0,0,0,0,0,1440,1347
1927972279,2016-05-09,0,0,0,0,0,0,0,0,1440,2063
2022484408,2016-05-09,13379,9.3900003433227539,2.119999885559082,1.6299999952316284,5.6399998664855957,35,47,297,1061,2709
2026352035,2016-05-09,10685,6.619999885559082,0,0,6.5999999046325684,0,0,401,543,1869
2320127002,2016-05-09,3090,2.0799999237060547,0,0,2.0799999237060547,0,0,145,1295,1630
2873212765,2016-05-09,7726,5.190000057220459,0,0,5.190000057220459,0,0,345,1095,1906
3977333714,2016-05-09,14687,10.079999923706055,0.76999998092651367,5.5999999046325684,3.5499999523162842,8,122,151,1159,1667
4020332650,2016-05-09,4556,3.2699999809265137,0.20000000298023224,0.11999999731779099,2.940000057220459,3,5,173,1225,2785
4319703577,2016-05-09,10378,6.9600000381469727,0.14000000059604645,0.56000000238418579,6.25,2,14,374,490,2345
4388161847,2016-05-09,10218,7.8600001335144043,0.34000000357627869,0.73000001907348633,6.7899999618530273,6,19,258,1020,3013
4445114986,2016-05-09,5275,3.5399999618530273,0,0,3.5399999618530273,0,0,266,641,2281
4558609924,2016-05-09,11451,7.570000171661377,0.43000000715255737,1.6200000047683716,5.5199999809265137,6,30,339,1065,2223
4702921684,2016-05-09,8232,6.679999828338623,0,0.56999999284744263,6.0999999046325684,0,12,253,746,2990
5553957443,2016-05-09,11611,7.5799999237060547,2.130000114440918,0.88999998569488525,4.559999942779541,59,22,251,667,2272
5577150313,2016-05-09,3421,2.559999942779541,1.4299999475479126,0.14000000059604645,0.99000000953674316,34,11,70,1099,2489
6117666160,2016-05-09,4477,3.380000114440918,0,0,3.380000114440918,0,0,197,125,1248
6290855005,2016-05-09,6277,4.75,0,0,4.7300000190734863,0,0,264,800,2175
6962181067,2016-05-09,12342,8.7200002670288086,3.9000000953674316,1.1799999475479126,3.6500000953674316,43,21,231,607,2105
7086361926,2016-05-09,13566,9.1099996566772461,4.2600002288818359,1.7100000381469727,3.119999885559082,67,50,171,743,2960
8053475328,2016-05-09,12465,9.380000114440918,6.119999885559082,0.56999999284744263,2.690000057220459,66,12,148,1214,2765
8378563200,2016-05-09,8382,6.6500000953674316,1.2699999809265137,0.6600000262260437,4.7199997901916504,71,13,171,772,3721
8583815059,2016-05-09,9877,7.6999998092651367,5.7600002288818359,0.17000000178813934,1.7300000190734863,66,4,110,1260,2947
8792009665,2016-05-09,0,0,0,0,0,0,0,0,1440,1688
8877689391,2016-05-09,20226,18.25,11.100000381469727,0.80000001192092896,6.2399997711181641,73,19,217,1131,3710
1503960366,2016-05-08,10060,6.5799999237060547,3.5299999713897705,0.31999999284744263,2.7300000190734863,44,8,203,574,1740
1624580081,2016-05-08,3427,2.2300000190734863,0,0,2.2200000286102295,0,0,152,1288,1427
1644430081,2016-05-08,6724,4.8899998664855957,0,0,4.880000114440918,0,0,295,991,2987
1844505072,2016-05-08,0,0,0,0,0,0,0,0,1440,1347
1927972279,2016-05-08,0,0,0,0,0,0,0,0,1440,2063
2022484408,2016-05-08,3292,2.309999942779541,0,0,2.309999942779541,0,0,135,1305,1848
2026352035,2016-05-08,5528,3.4500000476837158,0,0,3.4500000476837158,0,0,258,610,1555
2320127002,2016-05-08,5161,3.4800000190734863,0,0,3.4700000286102295,0,0,247,1193,1821
2873212765,2016-05-08,8168,5.5399999618530273,2.9000000953674316,0,2.6400001049041748,46,0,326,1068,2096
3977333714,2016-05-08,13585,9.0900001525878906,0.68000000715255737,5.2399997711181641,3.1700000762939453,9,116,171,688,1633
4020332650,2016-05-08,5862,4.1999998092651367,0,0,4.1500000953674316,0,0,263,775,3089
4319703577,2016-05-08,3672,2.4600000381469727,0,0,2.4600000381469727,0,0,153,603,1792
4388161847,2016-05-08,17298,14.380000114440918,9.8900003433227539,1.2599999904632568,3.2300000190734863,107,38,178,576,3934
4445114986,2016-05-08,7303,4.9000000953674316,0,0.25,4.6500000953674316,0,8,308,733,2423
4558609924,2016-05-08,6543,4.3299999237060547,1.7999999523162842,0.5,2.0199999809265137,66,35,238,1019,2666
4702921684,2016-05-08,12857,10.430000305175781,0.68000000715255737,6.2100000381469727,3.5399999618530273,9,125,192,1019,3287
5553957443,2016-05-08,6083,4,0.2199999988079071,0.4699999988079071,3.2999999523162842,3,8,210,505,1762
5577150313,2016-05-08,0,0,0,0,0,0,0,0,1440,1819
6117666160,2016-05-08,7328,5.5300002098083496,0,0,5.5300002098083496,0,0,318,517,2250
6290855005,2016-05-08,7706,5.8299999237060547,0,0,5.820000171661377,0,0,251,1189,2712
6962181067,2016-05-08,4188,2.7699999809265137,0,0.51999998092651367,2.25,0,14,151,709,1659
7086361926,2016-05-08,10677,7.0999999046325684,2.309999942779541,1.5299999713897705,3.25,32,27,147,695,2534
8053475328,2016-05-08,22026,17.649999618530273,13.399999618530273,0.5899999737739563,3.6600000858306885,125,14,228,1073,3589
8378563200,2016-05-08,2943,2.3299999237060547,0,0,2.3299999237060547,0,0,139,621,2685
8583815059,2016-05-08,9217,7.190000057220459,0.2199999988079071,3.309999942779541,3.6600000858306885,3,72,182,1183,2940
8792009665,2016-05-08,0,0,0,0,0,0,0,0,1440,1688
8877689391,2016-05-08,10686,8.1099996566772461,1.0800000429153442,0.20000000298023224,6.8000001907348633,17,4,245,1174,2847
1503960366,2016-05-07,11992,7.7100000381469727,2.4600000381469727,2.119999885559082,3.130000114440918,37,46,175,833,1821
1624580081,2016-05-07,2104,1.3700000047683716,0,0,1.3700000047683716,0,0,182,1258,1474
1644430081,2016-05-07,13372,9.7200002670288086,3.2599999904632568,0.79000002145767212,5.6700000762939453,41,17,243,1139,3404
1844505072,2016-05-07,0,0,0,0,0,0,0,0,1440,1347
1927972279,2016-05-07,1510,1.0399999618530273,0,0,1.0399999618530273,0,0,48,1392,2229
2022484408,2016-05-07,6708,4.7100000381469727,1.6100000143051147,7.9999998211860657E-2,3.0199999809265137,20,2,149,1269,1995
2026352035,2016-05-07,4193,2.5999999046325684,0,0,2.5999999046325684,0,0,229,665,1491
2320127002,2016-05-07,7379,4.9699997901916504,0,0,4.9699997901916504,0,0,319,1121,1972
2873212765,2016-05-07,4940,3.380000114440918,2.2799999713897705,0.55000001192092896,0.55000001192092896,75,11,52,1302,1897
3977333714,2016-05-07,11550,7.7300000190734863,0,4.130000114440918,3.5899999141693115,0,86,208,703,1574
4020332650,2016-05-07,6132,4.4000000953674316,0,0,3.5799999237060547,0,0,184,1256,2975
4319703577,2016-05-07,7937,5.3299999237060547,0.18999999761581421,1.0499999523162842,4.0799999237060547,3,28,279,586,2158
4388161847,2016-05-07,22770,17.540000915527344,9.4499998092651367,2.7699999809265137,5.3299999237060547,120,56,260,508,4022
4445114986,2016-05-07,5183,3.5899999141693115,2.130000114440918,0.18999999761581421,1.25,26,4,108,866,2123
4558609924,2016-05-07,8237,5.440000057220459,1.6100000143051147,1,2.8299999237060547,23,16,233,1116,1973
4702921684,2016-05-07,14370,11.649999618530273,0.37000000476837158,2.309999942779541,8.9700002670288086,5,46,439,577,3683
5553957443,2016-05-07,1868,1.2200000286102295,0,0,1.2200000286102295,0,0,96,902,1494
5577150313,2016-05-07,0,0,0,0,0,0,0,0,1440,1819
6117666160,2016-05-07,7336,5.5399999618530273,0,0,5.5399999618530273,0,0,412,456,2469
6290855005,2016-05-07,5510,4.1700000762939453,0,0,4.1599998474121094,0,0,227,1213,2613
6775888955,2016-05-07,1967,1.4099999666213989,0.12999999523162842,0.23999999463558197,1.0499999523162842,2,5,49,551,1032
6962181067,2016-05-07,6815,4.5,0,0,4.5,0,0,328,745,1947
7007744171,2016-05-07,0,0,0,0,0,0,0,0,111,120
7086361926,2016-05-07,12827,8.4799995422363281,1.4600000381469727,2.3299999237060547,4.679999828338623,20,42,209,621,2739
8053475328,2016-05-07,19769,15.670000076293945,12.439999580383301,0.87999999523162842,2.3499999046325684,121,20,148,1076,3331
8378563200,2016-05-07,4468,3.5399999618530273,0,0,3.5399999618530273,0,0,158,851,2799
8583815059,2016-05-07,6117,4.7699999809265137,0,0,4.7699999809265137,0,0,250,1190,2810
8792009665,2016-05-07,0,0,0,0,0,0,0,0,1440,1688
8877689391,2016-05-07,12332,8.130000114440918,7.9999998211860657E-2,0.95999997854232788,6.9899997711181641,105,28,271,1036,4142
1503960366,2016-05-06,12159,8.0299997329711914,1.9700000286102295,0.25,5.809999942779541,24,6,289,754,1896
1624580081,2016-05-06,1727,1.1200000047683716,0,0,1.1200000047683716,0,0,102,1338,1341
1644430081,2016-05-06,9787,7.119999885559082,0.81999999284744263,0.27000001072883606,6.0100002288818359,11,6,369,1054,3328
1844505072,2016-05-06,44,2.9999999329447746E-2,0,0,2.9999999329447746E-2,0,0,2,1438,1351
1927972279,2016-05-06,2091,1.4500000476837158,0,0,1.4500000476837158,0,0,108,1332,2383
2022484408,2016-05-06,10227,7.179999828338623,1.8700000047683716,0.67000001668930054,4.6399998664855957,24,17,295,1104,2498
2026352035,2016-05-06,8198,5.0799999237060547,0,0,5.0799999237060547,0,0,383,511,1736
2320127002,2016-05-06,4878,3.2899999618530273,0,0,3.2899999618530273,0,0,204,1236,1742
2873212765,2016-05-06,7063,4.75,0,0.11999999731779099,4.6100001335144043,0,5,370,1065,1910
3977333714,2016-05-06,11677,8.2799997329711914,3.1099998950958252,2.5099999904632568,2.6700000762939453,29,55,168,676,1590
4020332650,2016-05-06,4369,3.130000114440918,0,0,3.0999999046325684,0,0,177,855,2704
4319703577,2016-05-06,9524,6.4200000762939453,0.40999999642372131,0.4699999988079071,5.4600000381469727,6,11,314,692,2266
4388161847,2016-05-06,13175,10.130000114440918,2.1099998950958252,2.0899999141693115,5.929999828338623,33,45,262,1100,3425
4445114986,2016-05-06,4514,3.0299999713897705,0,0,3.0299999713897705,0,0,229,809,2211
4558609924,2016-05-06,3755,2.4800000190734863,0,0,2.4800000190734863,0,0,202,1238,1722
4702921684,2016-05-06,6943,5.630000114440918,7.9999998211860657E-2,0.6600000262260437,4.869999885559082,1,16,207,682,2859
5553957443,2016-05-06,9632,6.2899999618530273,1.5199999809265137,0.54000002145767212,4.2300000190734863,21,9,229,761,1916
5577150313,2016-05-06,4950,3.7000000476837158,1.9299999475479126,0.31999999284744263,1.4500000476837158,41,16,79,1304,2643
6117666160,2016-05-06,3365,2.6800000667572021,0,0,2.6800000667572021,0,0,133,673,1838
6290855005,2016-05-06,6116,4.619999885559082,0,0,4.5900001525878906,0,0,305,1135,2806
6775888955,2016-05-06,4697,3.369999885559082,0.4699999988079071,0.93000000715255737,1.9299999475479126,12,35,75,1318,2496
6962181067,2016-05-06,5908,3.9100000858306885,0,0,3.9100000858306885,0,0,299,717,1850
7007744171,2016-05-06,11459,7.6700000762939453,3,0.81000000238418579,3.8599998950958252,44,13,247,1136,2553
7086361926,2016-05-06,12461,8.380000114440918,3.8199999332427979,1.4299999475479126,3.119999885559082,84,35,154,834,2924
8053475328,2016-05-06,13953,11,9.1000003814697266,0.68999999761581421,1.2100000381469727,90,15,90,1245,2859
8378563200,2016-05-06,7045,5.5900001525878906,1.5499999523162842,0.25,3.7799999713897705,74,5,166,831,3644
8583815059,2016-05-06,5843,4.559999942779541,0.14000000059604645,1.190000057220459,3.2300000190734863,2,22,166,1250,2683
8792009665,2016-05-06,0,0,0,0,0,0,0,0,1440,1688
8877689391,2016-05-06,21727,19.340000152587891,12.789999961853027,0.28999999165534973,6.1599998474121094,96,17,232,1095,4015
1503960366,2016-05-05,14070,8.8999996185302734,2.9200000762939453,1.0800000429153442,4.880000114440918,45,24,250,857,1959
1624580081,2016-05-05,2470,1.6100000143051147,0,0,1.5800000429153442,0,0,117,1323,1370
1644430081,2016-05-05,4363,3.190000057220459,0.51999998092651367,0.54000002145767212,2.130000114440918,6,12,81,1341,2463
1844505072,2016-05-05,2237,1.4800000190734863,0,0,1.4800000190734863,0,0,120,1320,1589
1927972279,2016-05-05,0,0,0,0,0,0,0,0,1440,2063
2022484408,2016-05-05,11895,8.3500003814697266,2.7899999618530273,0.86000001430511475,4.6999998092651367,55,20,253,1112,2609
2026352035,2016-05-05,12167,7.5399999618530273,0,0,7.5399999618530273,0,0,475,479,1926
2320127002,2016-05-05,5202,3.5099999904632568,0,0.38999998569488525,3.1099998950958252,0,11,223,1206,1780
2873212765,2016-05-05,8314,5.6100001335144043,0.77999997138977051,0.80000001192092896,4.0300002098083496,13,23,311,1093,1971
3977333714,2016-05-05,12312,8.5799999237060547,1.7599999904632568,4.1100001335144043,2.7100000381469727,14,88,178,680,1618
4020332650,2016-05-05,11728,8.4300003051757813,2.619999885559082,1.6799999475479126,4.0399999618530273,38,42,196,916,3429
4319703577,2016-05-05,13658,9.4899997711181641,2.630000114440918,1.4099999666213989,5.4499998092651367,27,34,328,957,2530
4388161847,2016-05-05,9603,7.380000114440918,0.62999999523162842,1.6699999570846558,5.0900001525878906,12,39,199,896,2899
4445114986,2016-05-05,3800,2.5499999523162842,0.11999999731779099,0.23999999463558197,2.1800000667572021,2,6,185,734,2120
4558609924,2016-05-05,10611,7.0100002288818359,1.0099999904632568,0.5,5.5100002288818359,14,8,370,1048,2262
4702921684,2016-05-05,8614,6.9899997711181641,0.67000001668930054,0.2199999988079071,6.0900001525878906,8,5,241,745,3006
5553957443,2016-05-05,14331,9.5100002288818359,3.4300000667572021,1.6599999666213989,4.429999828338623,44,29,241,692,2156
5577150313,2016-05-05,7550,5.6399998664855957,2.5,0.4699999988079071,2.6700000762939453,45,21,143,1153,3004
6117666160,2016-05-05,9799,7.4000000953674316,0,0,7.4000000953674316,0,0,487,479,2636
6290855005,2016-05-05,6339,4.7899999618530273,0,0,4.7899999618530273,0,0,239,1201,2682
6775888955,2016-05-05,0,0,0,0,0,0,0,0,1440,1841
6962181067,2016-05-05,10524,6.9600000381469727,0.99000000953674316,1.1599999666213989,4.809999942779541,14,22,305,591,2066
7007744171,2016-05-05,15010,11.100000381469727,4.3299999237060547,1.2899999618530273,5.4800000190734863,53,23,317,1047,2933
7086361926,2016-05-05,8564,5.5999999046325684,1.7799999713897705,0.82999998331069946,2.9500000476837158,24,14,149,1253,2386
8053475328,2016-05-05,14990,11.510000228881836,8.8500003814697266,0.44999998807907104,2.2100000381469727,93,9,130,1208,2950
8378563200,2016-05-05,8567,6.7899999618530273,0.88999998569488525,0.15999999642372131,5.7399997711181641,66,3,214,764,3783
8583815059,2016-05-05,12427,9.6899995803833008,0,0,1.1799999475479126,0,0,70,1370,3266
8792009665,2016-05-05,0,0,0,0,0,0,0,0,1440,1688
8877689391,2016-05-05,14055,10.670000076293945,5.4600000381469727,0.81999999284744263,4.369999885559082,67,15,188,1170,3052
1503960366,2016-05-04,11100,7.1500000953674316,2.4600000381469727,0.87000000476837158,3.8199999332427979,36,22,203,1179,1819
1624580081,2016-05-04,2193,1.4299999475479126,0,0,1.4199999570846558,0,0,118,1322,1368
1644430081,2016-05-04,2309,1.6799999475479126,0,0,1.6599999666213989,0,0,52,1388,2222
1844505072,2016-05-04,2080,1.3700000047683716,0,0,1.3700000047683716,0,0,87,1353,1549
1927972279,2016-05-04,1786,1.2400000095367432,0,0,1.2400000095367432,0,0,87,1353,2338
2022484408,2016-05-04,11768,8.2899999618530273,2.5099999904632568,0.93000000715255737,4.8499999046325684,36,27,272,1105,2649
2026352035,2016-05-04,6564,4.070000171661377,0,0,4.070000171661377,0,0,345,530,1658
2320127002,2016-05-04,1201,0.81000000238418579,0,0,0.81000000238418579,0,0,52,1388,1426
2873212765,2016-05-04,8278,5.559999942779541,0,0,5.559999942779541,0,0,420,1020,2015
3977333714,2016-05-04,13559,9.4399995803833008,1.809999942779541,4.5799999237060547,2.8900001049041748,14,96,142,852,1628
4020332650,2016-05-04,10252,7.3499999046325684,0.67000001668930054,1.0399999618530273,5.5799999237060547,13,46,346,531,3879
4319703577,2016-05-04,10429,7.0199999809265137,0.5899999737739563,0.57999998331069946,5.8499999046325684,8,13,313,1106,2282
4388161847,2016-05-04,12375,9.5200004577636719,2.7899999618530273,0.93000000715255737,5.8000001907348633,35,21,251,632,3162
4445114986,2016-05-04,2923,1.9600000381469727,0,0,1.9600000381469727,0,0,180,897,2070
4558609924,2016-05-04,5232,3.4600000381469727,0,0,3.4600000381469727,0,0,252,1188,1842
4702921684,2016-05-04,8161,6.619999885559082,0.34000000357627869,0.73000001907348633,5.5399999618530273,4,15,251,757,3004
5553957443,2016-05-04,4249,2.7699999809265137,0,0,2.7699999809265137,0,0,224,651,1698
5577150313,2016-05-04,5206,3.8900001049041748,1.559999942779541,0.25,2.0799999237060547,25,9,141,631,2755
6117666160,2016-05-04,2997,2.2599999904632568,0,0,2.2599999904632568,0,0,156,1279,1902
6290855005,2016-05-04,5832,4.4099998474121094,0,0,4.4000000953674316,0,0,272,1168,2718
6775888955,2016-05-04,0,0,0,0,0,0,0,0,1440,1841
6962181067,2016-05-04,10147,6.7100000381469727,0.4699999988079071,1.6799999475479126,4.5500001907348633,15,36,284,683,2086
7007744171,2016-05-04,0,0,0,0,0,0,0,0,1440,1557
7086361926,2016-05-04,10988,8.3100004196166992,5.2800002098083496,0.11999999731779099,2.9000000953674316,45,12,135,843,2655
8053475328,2016-05-04,14581,11.149999618530273,8.8199996948242188,0.40000000596046448,1.9099999666213989,89,8,123,1220,2918
8378563200,2016-05-04,7875,6.2399997711181641,1.559999942779541,0.49000000953674316,4.1999998092651367,19,10,167,680,3110
8583815059,2016-05-04,3588,2.7999999523162842,0,0,0,0,0,0,1440,2516
8792009665,2016-05-04,2283,1.4600000381469727,0,0,1.4600000381469727,0,0,129,848,2067
8877689391,2016-05-04,18193,16.299999237060547,10.420000076293945,0.31000000238418579,5.5300002098083496,66,8,212,1154,3477
1503960366,2016-05-03,15103,9.6599998474121094,3.7300000190734863,1.0499999523162842,4.880000114440918,50,24,254,816,1990
1624580081,2016-05-03,2100,1.3700000047683716,0,0,1.3400000333786011,0,0,96,1344,1334
1644430081,2016-05-03,12850,9.3400001525878906,0.72000002861022949,4.0900001525878906,4.5399999618530273,10,94,221,1115,3324
1844505072,2016-05-03,4059,2.6800000667572021,0,0,2.6800000667572021,0,0,184,1256,1742
1927972279,2016-05-03,1326,0.92000001668930054,0.73000001907348633,0,0.18000000715255737,10,0,17,1413,2195
2022484408,2016-05-03,12183,8.7399997711181641,3.9900000095367432,0.46000000834465027,4.2800002098083496,72,14,250,1104,2752
2026352035,2016-05-03,5992,3.7200000286102295,0,0,3.7200000286102295,0,0,304,981,1604
2320127002,2016-05-03,7443,5.0199999809265137,1.4900000095367432,0.37000000476837158,3.1600000858306885,20,10,206,1204,1878
2873212765,2016-05-03,7412,4.9800000190734863,5.9999998658895493E-2,0.25,4.6599998474121094,1,6,363,1070,1906
3977333714,2016-05-03,14335,9.5900001525878906,3.3199999332427979,1.7400000095367432,4.5300002098083496,47,41,258,594,1710
4020332650,2016-05-03,4496,3.2200000286102295,0,0,3.1500000953674316,0,0,174,950,2828
4319703577,2016-05-03,9648,6.4699997901916504,0.57999998331069946,1.0700000524520874,4.8299999237060547,8,26,287,669,2235
4388161847,2016-05-03,12727,9.7899999618530273,1.1299999952316284,0.77999997138977051,7.880000114440918,18,18,306,984,3290
4445114986,2016-05-03,7502,5.179999828338623,2.4800000190734863,0.10999999940395355,2.5799999237060547,30,2,233,725,2421
4558609924,2016-05-03,5267,3.4800000190734863,0.60000002384185791,0.2800000011920929,2.5999999046325684,21,10,237,1172,1953
4702921684,2016-05-03,9454,7.6700000762939453,0,0,7.6700000762939453,0,0,313,729,3145
5553957443,2016-05-03,12848,8.3900003433227539,1.5,1.2000000476837158,5.679999828338623,26,29,247,812,2116
5577150313,2016-05-03,11045,8.25,4.5199999809265137,0.15000000596046448,3.5699999332427979,97,8,212,580,3795
6117666160,2016-05-03,0,0,0,0,0,0,0,0,1440,1496
6290855005,2016-05-03,6047,4.570000171661377,0,0,4.570000171661377,0,0,240,1200,2671
6775888955,2016-05-03,9,9.9999997764825821E-3,0,0,9.9999997764825821E-3,0,0,1,1439,1843
6962181067,2016-05-03,12109,8.119999885559082,1.7400000095367432,2.0399999618530273,4.3299999237060547,21,36,267,654,2072
7007744171,2016-05-03,14510,10.869999885559082,4.4800000190734863,1.0199999809265137,5.3600001335144043,58,31,330,1021,2976
7086361926,2016-05-03,10288,6.7600002288818359,2.7400000095367432,0.85000002384185791,3.1600000858306885,57,36,152,761,2754
8053475328,2016-05-03,15484,11.899999618530273,8.3900003433227539,0.93000000715255737,2.5899999141693115,87,22,165,1166,3023
8378563200,2016-05-03,8712,6.9099998474121094,1.3400000333786011,1.059999942779541,4.5,71,20,195,822,3784
8583815059,2016-05-03,12015,9.369999885559082,0,0,0,0,0,0,1440,3212
8792009665,2016-05-03,2421,1.5499999523162842,0,0,1.5499999523162842,0,0,156,739,2297
8877689391,2016-05-03,10818,8.2100000381469727,1.3899999856948853,0.10000000149011612,6.6700000762939453,19,3,229,1189,2817
1503960366,2016-05-02,14727,9.7100000381469727,3.2100000381469727,0.56999999284744263,5.9200000762939453,41,15,277,798,2004
1624580081,2016-05-02,7155,4.929999828338623,0.86000001430511475,0.5899999737739563,3.4700000286102295,7,6,166,1261,1497
1644430081,2016-05-02,3758,2.7300000190734863,7.0000000298023224E-2,0.31000000238418579,2.3499999046325684,1,7,148,682,2580
1844505072,2016-05-02,0,0,0,0,0,0,0,0,1440,1348
1927972279,2016-05-02,3790,2.619999885559082,1.1599999666213989,0.30000001192092896,1.1599999666213989,16,8,94,1322,2505
2022484408,2016-05-02,10379,7.2899999618530273,2.6099998950958252,0.34000000357627869,4.3299999237060547,36,8,277,1119,2473
2026352035,2016-05-02,7018,4.3499999046325684,0,0,4.3499999046325684,0,0,355,716,1690
2320127002,2016-05-02,3634,2.4500000476837158,0.36000001430511475,0.20999999344348907,1.8799999952316284,5,6,123,1306,1613
2873212765,2016-05-02,7525,5.059999942779541,0,0.20999999344348907,4.8299999237060547,0,7,334,1099,1878
3977333714,2016-05-02,16520,11.050000190734863,1.5399999618530273,6.4800000190734863,3.0199999809265137,24,143,176,713,1760
4020332650,2016-05-02,475,0.34000000357627869,0,3.9999999105930328E-2,0.28999999165534973,0,11,31,1350,2207
4319703577,2016-05-02,9261,6.2399997711181641,0,0.43999999761581421,5.7100000381469727,0,11,344,585,2270
4388161847,2016-05-02,10096,8.3999996185302734,3.7699999809265137,7.9999998211860657E-2,4.5500001907348633,33,4,204,935,3147
4445114986,2016-05-02,6910,4.75,2.2100000381469727,0.18999999761581421,2.3499999046325684,27,4,200,667,2336
4558609924,2016-05-02,7891,5.2199997901916504,0,0,5.2199997901916504,0,0,383,1057,2066
4702921684,2016-05-02,7245,5.9200000762939453,0.37999999523162842,1.7400000095367432,3.7599999904632568,5,40,195,1131,2859
5553957443,2016-05-02,9769,6.380000114440918,1.059999942779541,0.40999999642372131,4.9000000953674316,23,9,227,724,1996
5577150313,2016-05-02,7439,5.559999942779541,1.1200000047683716,0.34999999403953552,4.070000171661377,37,20,235,732,3014
6117666160,2016-05-02,4933,3.7300000190734863,0,0,3.7300000190734863,0,0,236,1204,2044
6290855005,2016-05-02,6781,5.130000114440918,0,0,5.1100001335144043,0,0,268,1172,2725
6775888955,2016-05-02,0,0,0,0,0,0,0,0,1440,1841
6962181067,2016-05-02,12912,8.5399999618530273,1.2000000476837158,2,5.3400001525878906,18,39,313,655,2162
7007744171,2016-05-02,13041,9.1800003051757813,4.6399998664855957,0.69999998807907104,3.8299999237060547,64,14,250,1112,2642
7086361926,2016-05-02,10052,6.809999942779541,3.4800000190734863,0.6600000262260437,2.6600000858306885,66,26,139,737,2754
8053475328,2016-05-02,1969,1.4299999475479126,0,0,1.4299999475479126,0,0,95,1345,1988
8378563200,2016-05-02,6064,4.809999942779541,0.62999999523162842,0.17000000178813934,4.0100002288818359,63,4,142,802,3491
8583815059,2016-05-02,8469,6.6100001335144043,0,0,0,0,0,0,1440,2894
8792009665,2016-05-02,1831,1.1699999570846558,0,0,1.1699999570846558,0,0,101,916,2015
8877689391,2016-05-02,4790,3.6400001049041748,0,0,3.559999942779541,0,0,105,1335,2189
1503960366,2016-05-01,10602,6.809999942779541,2.2899999618530273,1.6000000238418579,2.9200000762939453,33,35,246,730,1820
1624580081,2016-05-01,36019,28.030000686645508,21.920000076293945,4.190000057220459,1.9099999666213989,186,63,171,1020,2690
1644430081,2016-05-01,6132,4.4600000381469727,0.23999999463558197,0.99000000953674316,3.2300000190734863,3,24,146,908,2696
1844505072,2016-05-01,2573,1.7000000476837158,0,0.25999999046325684,1.4500000476837158,0,7,75,585,1541
1927972279,2016-05-01,2704,1.8700000047683716,1.0099999904632568,2.9999999329447746E-2,0.82999998331069946,14,1,70,1355,2411
2022484408,2016-05-01,10538,7.4000000953674316,1.940000057220459,0.95999997854232788,4.5,25,28,245,1142,2380
2026352035,2016-05-01,3609,2.2799999713897705,0,0,2.2799999713897705,0,0,191,716,1447
2320127002,2016-05-01,772,0.51999998092651367,0,0,0.51999998092651367,0,0,40,1400,1403
2873212765,2016-05-01,7399,4.9699997901916504,0.49000000953674316,1.0399999618530273,3.440000057220459,7,18,196,1219,1739
3372868164,2016-05-01,3077,2.0999999046325684,0,0,2.0899999141693115,0,0,172,842,1237
3977333714,2016-05-01,10414,7.070000171661377,2.6700000762939453,1.9800000190734863,2.4100000858306885,41,40,124,691,1501
4020332650,2016-05-01,0,0,0,0,0,0,0,0,1440,1980
4319703577,2016-05-01,1251,0.8399999737739563,0,0,0.8399999737739563,0,0,67,836,1593
4388161847,2016-05-01,10255,7.8899998664855957,1.0099999904632568,0.68000000715255737,6.1999998092651367,12,15,241,579,2926
4445114986,2016-05-01,5232,3.5099999904632568,0,0,3.5099999904632568,0,0,240,741,2246
4558609924,2016-05-01,3428,2.2699999809265137,0,0,2.2699999809265137,0,0,190,1121,1692
4702921684,2016-05-01,0,0,0,0,0,0,0,0,1440,2017
5553957443,2016-05-01,5164,3.369999885559082,0,0,3.369999885559082,0,0,237,436,1747
5577150313,2016-05-01,13368,9.9899997711181641,5.309999942779541,1.440000057220459,3.2400000095367432,194,72,178,499,4546
6117666160,2016-05-01,8915,6.7300000190734863,0,0,6.7300000190734863,0,0,397,525,2361
6290855005,2016-05-01,9837,7.440000057220459,0.6600000262260437,2.75,4,8,95,282,1055,3327
6775888955,2016-05-01,2487,1.7799999713897705,0.47999998927116394,0.62000000476837158,0.68000000715255737,9,34,50,1347,2319
6962181067,2016-05-01,5454,3.6099998950958252,0,0,3.6099998950958252,0,0,215,722,1740
7007744171,2016-05-01,5600,3.75,0,0,3.75,0,0,237,1142,2225
7086361926,2016-05-01,12390,8.0699996948242188,2.2999999523162842,0.89999997615814209,4.8499999046325684,30,15,258,685,2730
8053475328,2016-05-01,1170,0.85000002384185791,0,0,0.85000002384185791,0,0,51,1389,1886
8378563200,2016-05-01,11419,9.0600004196166992,6.0300002098083496,0.56000000238418579,2.4700000286102295,71,10,127,669,3369
8583815059,2016-05-01,4512,3.5199999809265137,0.77999997138977051,0.11999999731779099,2.0399999618530273,10,2,117,1311,2596
8792009665,2016-05-01,1619,1.0399999618530273,0,0,1.0399999618530273,0,0,79,834,1962
8877689391,2016-05-01,10930,8.3199996948242188,3.130000114440918,0.56999999284744263,4.570000171661377,36,12,166,1226,2786
1503960366,2016-04-30,14673,9.25,3.559999942779541,1.4199999570846558,4.2699999809265137,52,34,217,712,1947
1624580081,2016-04-30,6474,4.3000001907348633,0.89999997615814209,1.2799999713897705,2.119999885559082,11,23,224,1182,1655
1644430081,2016-04-30,18213,13.239999771118164,0.62999999523162842,3.1400001049041748,9.4600000381469727,9,71,402,816,3846
1844505072,2016-04-30,4014,2.6700000762939453,0,0,2.6500000953674316,0,0,184,218,1763
1927972279,2016-04-30,0,0,0,0,0,0,0,0,1440,2064
2022484408,2016-04-30,18387,12.909999847412109,0.93999999761581421,1.3999999761581421,10.569999694824219,13,23,361,1043,2732
2026352035,2016-04-30,4729,2.9300000667572021,0,0,2.9300000667572021,0,0,233,594,1506
2320127002,2016-04-30,4571,3.0799999237060547,0,0,3.0699999332427979,0,0,234,1206,1779
2873212765,2016-04-30,8452,5.679999828338623,0.33000001311302185,1.0800000429153442,4.2600002288818359,5,20,248,1167,1830
3372868164,2016-04-30,5250,3.5799999237060547,1.059999942779541,9.0000003576278687E-2,2.4200000762939453,17,4,300,1119,1946
3977333714,2016-04-30,13238,9.1999998092651367,3.690000057220459,2.0999999046325684,3.4100000858306885,43,52,194,687,1650
4020332650,2016-04-30,0,0,0,0,0,0,0,0,1440,1980
4319703577,2016-04-30,8221,5.5199999809265137,0.40000000596046448,1.6100000143051147,3.5099999904632568,6,38,196,695,2092
4388161847,2016-04-30,12533,9.6400003433227539,0.69999998807907104,2,6.940000057220459,14,43,300,537,3283
4445114986,2016-04-30,6222,4.179999828338623,0,0,4.179999828338623,0,0,290,797,2363
4558609924,2016-04-30,10319,6.820000171661377,0.4699999988079071,1.8899999856948853,4.4600000381469727,7,29,293,1111,2105
4702921684,2016-04-30,10144,8.2299995422363281,0.31999999284744263,2.0299999713897705,5.880000114440918,4,36,263,728,3115
5553957443,2016-04-30,1202,0.77999997138977051,0,0,0.77999997138977051,0,0,84,506,1463
5577150313,2016-04-30,12363,9.2399997711181641,5.8299999237060547,0.79000002145767212,2.6099998950958252,207,45,163,621,4501
6117666160,2016-04-30,6987,5.2800002098083496,0,0,5.2800002098083496,0,0,343,1040,2275
6290855005,2016-04-30,6744,5.0999999046325684,0,0,5.0900001525878906,0,0,324,1116,2843
6775888955,2016-04-30,2503,1.7899999618530273,0.15999999642372131,0.15999999642372131,1.4800000190734863,3,9,84,1344,2280
6962181067,2016-04-30,10081,6.6599998474121094,2.2400000095367432,0.75999999046325684,3.6700000762939453,32,16,237,731,2002
7007744171,2016-04-30,3761,2.5199999809265137,0,0,2.5199999809265137,0,0,200,1240,2051
7086361926,2016-04-30,14560,9.4099998474121094,3.119999885559082,1.0399999618530273,5.2399997711181641,42,17,308,584,2995
8053475328,2016-04-30,7135,5.5900001525878906,2.9900000095367432,5.9999998658895493E-2,2.5399999618530273,27,1,131,1281,2408
8253242879,2016-04-30,0,0,0,0,0,0,0,0,1440,0
8378563200,2016-04-30,2946,2.3399999141693115,0,0,2.3399999141693115,0,0,121,780,2660
8583815059,2016-04-30,10085,7.869999885559082,0.15000000596046448,1.2799999713897705,6.429999828338623,2,28,317,1093,3164
8792009665,2016-04-30,7174,4.5900001525878906,0.33000001311302185,0.36000001430511475,3.9100000858306885,10,20,301,749,2896
8877689391,2016-04-30,27745,26.719999313354492,21.659999847412109,7.9999998211860657E-2,4.929999828338623,124,4,223,1089,4398
1503960366,2016-04-29,11181,7.1500000953674316,1.059999942779541,0.5,5.5799999237060547,16,12,243,815,1837
1624580081,2016-04-29,2390,1.5499999523162842,0,0,1.5499999523162842,0,0,150,1290,1404
1644430081,2016-04-29,3176,2.309999942779541,0,0,2.309999942779541,0,0,120,1193,2498
1844505072,2016-04-29,4920,3.25,0,0,3.25,0,0,247,1082,1856
1927972279,2016-04-29,0,0,0,0,0,0,0,0,1440,2063
2022484408,2016-04-29,10245,7.190000057220459,0.47999998927116394,1.2100000381469727,5.5,21,40,281,1098,2611
2026352035,2016-04-29,7604,4.7100000381469727,0,0,4.7100000381469727,0,0,352,492,1692
2320127002,2016-04-29,924,0.62000000476837158,0,0,0.62000000476837158,0,0,45,1395,1410
2347167796,2016-04-29,42,2.9999999329447746E-2,0,0,2.9999999329447746E-2,0,0,4,2,403
2873212765,2016-04-29,7365,4.9499998092651367,1.3600000143051147,1.4099999666213989,2.1800000667572021,20,23,206,1191,1780
3372868164,2016-04-29,9135,6.2300000190734863,0,0,6.2199997901916504,0,0,402,1038,2044
3977333714,2016-04-29,10645,7.75,3.7400000095367432,1.2999999523162842,2.7100000381469727,36,32,150,744,1545
4020332650,2016-04-29,0,0,0,0,0,0,0,0,1440,1980
4319703577,2016-04-29,7990,5.3600001335144043,0.44999998807907104,0.79000002145767212,4.119999885559082,6,18,289,624,2175
4388161847,2016-04-29,9232,7.0999999046325684,0.80000001192092896,0.88999998569488525,5.4200000762939453,13,16,236,1175,2979
4445114986,2016-04-29,4676,3.1400001049041748,0,0,3.130000114440918,0,0,226,1106,2196
4558609924,2016-04-29,7833,5.179999828338623,1.0199999809265137,1.8500000238418579,2.309999942779541,15,29,197,1096,1918
4702921684,2016-04-29,9930,8.0500001907348633,1.059999942779541,0.92000001668930054,6.070000171661377,12,19,267,692,3165
5553957443,2016-04-29,12764,8.3299999237060547,2.7899999618530273,0.63999998569488525,4.9099998474121094,46,15,270,709,2169
5577150313,2016-04-29,7924,5.9200000762939453,2.8399999141693115,0.61000001430511475,2.4700000286102295,97,36,165,739,3544
6117666160,2016-04-29,9592,7.2399997711181641,0,0,7.2399997711181641,0,0,461,479,2560
6290855005,2016-04-29,0,0,0,0,0,0,0,0,1440,2060
6775888955,2016-04-29,0,0,0,0,0,0,0,0,1440,1841
6962181067,2016-04-29,10762,7.1100001335144043,0.81999999284744263,0.47999998927116394,5.809999942779541,12,15,369,645,2254
7007744171,2016-04-29,20067,14.300000190734863,4.309999942779541,2.0499999523162842,7.9499998092651367,55,42,382,961,3180
7086361926,2016-04-29,7881,4.9499998092651367,0.49000000953674316,0.44999998807907104,4,24,36,182,1198,2616
8053475328,2016-04-29,12315,9.6499996185302734,6.1700000762939453,0.31000000238418579,3.1700000762939453,58,8,159,1215,2794
8253242879,2016-04-29,6260,4.2600002288818359,1.2899999618530273,0.54000002145767212,2.4000000953674316,16,14,136,1257,1854
8378563200,2016-04-29,6175,4.9000000953674316,0.25,0.36000001430511475,4.2699999809265137,3,7,172,767,2982
8583815059,2016-04-29,15168,11.829999923706055,3.9000000953674316,3,4.9200000762939453,46,67,258,1069,3513
8792009665,2016-04-29,8360,5.3499999046325684,0.14000000059604645,0.2800000011920929,4.929999828338623,6,14,380,634,3101
8877689391,2016-04-29,9733,7.3899998664855957,1.3799999952316284,0.17000000178813934,5.7899999618530273,18,5,210,1207,2698
1503960366,2016-04-28,13154,8.5299997329711914,3.5399999618530273,1.1599999666213989,3.7899999618530273,48,28,189,782,1898
1624580081,2016-04-28,2759,1.7899999618530273,0,0.20000000298023224,1.6000000238418579,0,5,115,1320,1401
1644430081,2016-04-28,9405,6.8400001525878906,0.20000000298023224,2.3199999332427979,4.309999942779541,3,53,227,1157,3108
1844505072,2016-04-28,6907,4.570000171661377,0,0,4.559999942779541,0,0,302,1138,1992
1927972279,2016-04-28,1675,1.1599999666213989,0,0,1.1599999666213989,0,0,95,1167,2351
2022484408,2016-04-28,10140,7.119999885559082,0.40999999642372131,1.3300000429153442,5.3899998664855957,6,20,291,1123,2296
2026352035,2016-04-28,6375,3.9500000476837158,0,0,3.9500000476837158,0,0,331,626,1649
2320127002,2016-04-28,1532,1.0299999713897705,0,0,1.0299999713897705,0,0,76,1364,1473
2347167796,2016-04-28,5439,3.5999999046325684,0,0,3.5999999046325684,0,0,229,764,1854
2873212765,2016-04-28,7913,5.4099998474121094,2.1600000858306885,0.34000000357627869,2.9100000858306885,28,7,213,1192,1835
3372868164,2016-04-28,5512,3.7599999904632568,0,0,3.7599999904632568,0,0,385,1055,1972
3977333714,2016-04-28,7114,4.880000114440918,1.3700000047683716,0.28999999165534973,3.2200000286102295,15,8,190,804,1407
4020332650,2016-04-28,0,0,0,0,0,0,0,0,1440,1980
4319703577,2016-04-28,10817,7.2800002098083496,1.0099999904632568,0.33000001311302185,5.940000057220459,13,8,359,552,2367
4388161847,2016-04-28,10074,7.75,1.2899999618530273,0.43000000715255737,6.0300002098083496,19,9,234,878,2969
4445114986,2016-04-28,4493,3.0099999904632568,0,0,3.0099999904632568,0,0,236,762,2203
4558609924,2016-04-28,9451,6.25,1.9999999552965164E-2,0.27000001072883606,5.9499998092651367,1,11,367,985,2185
4702921684,2016-04-28,9023,7.320000171661377,1.1299999952316284,0.41999998688697815,5.7699999809265137,14,9,232,738,3033
5553957443,2016-04-28,11393,7.630000114440918,3.7100000381469727,0.75,3.1700000762939453,49,13,165,727,1999
5577150313,2016-04-28,9841,7.429999828338623,3.25,1.1699999570846558,3.0099999904632568,99,51,141,692,3580
6117666160,2016-04-28,3403,2.5999999046325684,0,0,2.5999999046325684,0,0,141,758,1879
6290855005,2016-04-28,5731,4.3299999237060547,0,0,4.3299999237060547,0,0,255,1185,2687
6775888955,2016-04-28,703,0.5,5.9999998658895493E-2,0.20000000298023224,0.23999999463558197,2,13,15,1410,1993
6962181067,2016-04-28,12627,8.3500003814697266,2.5099999904632568,0.23999999463558197,5.5900001525878906,38,8,288,621,2182
7007744171,2016-04-28,15128,10.119999885559082,1.0900000333786011,0.76999998092651367,8.2600002288818359,16,16,401,1007,2836
7086361926,2016-04-28,11584,7.8000001907348633,2.7899999618530273,1.6399999856948853,3.3599998950958252,54,48,161,810,2862
8053475328,2016-04-28,15447,12.399999618530273,9.6700000762939453,0.38999998569488525,2.3499999046325684,90,9,153,1188,3062
8253242879,2016-04-28,2718,1.7999999523162842,0.67000001668930054,0.77999997138977051,0.34000000357627869,11,16,20,1393,1580
8378563200,2016-04-28,5417,4.3000001907348633,0.89999997615814209,0.49000000953674316,2.9100000858306885,11,10,139,711,2884
8583815059,2016-04-28,6174,4.820000171661377,0,1.2000000476837158,3.6099998950958252,0,28,203,1209,2757
8792009665,2016-04-28,6157,3.940000057220459,0,0,3.940000057220459,0,0,310,714,2780
8877689391,2016-04-28,14890,11.300000190734863,4.929999828338623,0.37999999523162842,5.9699997901916504,58,8,231,1143,3060
1503960366,2016-04-27,18134,12.210000038146973,6.4000000953674316,0.40999999642372131,5.4099998474121094,78,11,243,1108,2159
1624580081,2016-04-27,8367,5.440000057220459,1.1100000143051147,1.8700000047683716,2.4600000381469727,17,36,154,1233,1670
1644430081,2016-04-27,3032,2.2000000476837158,0,0,2.2000000476837158,0,0,118,1322,2489
1844505072,2016-04-27,4,0,0,0,0,0,0,1,1439,1348
1927972279,2016-04-27,0,0,0,0,0,0,0,0,1440,2063
2022484408,2016-04-27,10159,7.130000114440918,1.0399999618530273,0.97000002861022949,5.119999885559082,19,20,282,1119,2463
2026352035,2016-04-27,6088,3.7699999809265137,0,0,3.7699999809265137,0,0,286,586,1593
2320127002,2016-04-27,1715,1.1599999666213989,0,0,1.1599999666213989,0,0,82,1358,1481
2347167796,2016-04-27,11423,7.5799999237060547,1.8600000143051147,0.40000000596046448,5.320000171661377,26,9,295,623,2194
2873212765,2016-04-27,3516,2.3599998950958252,0,0,2.3599998950958252,46,0,197,1197,1966
3372868164,2016-04-27,7904,5.4200000762939453,1.5800000429153442,0.62999999523162842,3.190000057220459,24,13,346,1057,2095
3977333714,2016-04-27,7193,5.0399999618530273,0,0.41999998688697815,4.619999885559082,0,10,176,714,1377
4020332650,2016-04-27,0,0,0,0,0,0,0,0,1440,1980
4319703577,2016-04-27,10780,7.2300000190734863,0.40999999642372131,1.9199999570846558,4.9099998474121094,6,47,300,680,2324
4388161847,2016-04-27,11193,8.6099996566772461,0.69999998807907104,2.5099999904632568,5.3899998664855957,11,48,241,684,3074
4445114986,2016-04-27,7243,5.0300002098083496,2.619999885559082,2.9999999329447746E-2,2.380000114440918,32,1,194,839,2361
4558609924,2016-04-27,9557,6.320000171661377,1.9600000381469727,0.88999998569488525,3.4600000381469727,27,14,312,1087,2098
4702921684,2016-04-27,7047,5.7199997901916504,9.0000003576278687E-2,0.80000001192092896,4.7800002098083496,1,16,238,733,2908
5553957443,2016-04-27,10538,6.880000114440918,1.1399999856948853,1,4.7399997711181641,16,16,206,745,1922
5577150313,2016-04-27,6805,5.1399998664855957,1.809999942779541,0.40000000596046448,2.9300000667572021,63,16,190,773,3294
6117666160,2016-04-27,9411,7.1100001335144043,0,0,7.1100001335144043,0,0,458,417,2576
6290855005,2016-04-27,5565,4.2100000381469727,0,0,4.179999828338623,0,0,287,1153,2743
6775888955,2016-04-27,0,0,0,0,0,0,0,0,1440,1841
6962181067,2016-04-27,10320,6.820000171661377,0.55000001192092896,2.0199999809265137,4.25,7,38,279,697,2034
7007744171,2016-04-27,13541,10.220000267028809,4.2699999809265137,0.6600000262260437,5.2899999618530273,50,12,337,1041,2830
7086361926,2016-04-27,11107,8.3400001525878906,5.630000114440918,0.18000000715255737,2.5299999713897705,55,6,145,829,2693
8053475328,2016-04-27,12422,9.8199996948242188,6.4600000381469727,0.43000000715255737,2.9300000667572021,60,10,183,1187,2852
8253242879,2016-04-27,10232,8.1800003051757813,6.2399997711181641,0.23000000417232513,1.7000000476837158,45,5,104,1286,2008
8378563200,2016-04-27,7359,5.8400001525878906,0.33000001311302185,0.18000000715255737,5.3299999237060547,4,4,192,676,3061
8583815059,2016-04-27,12474,9.7299995422363281,6.5999999046325684,0.27000001072883606,2.869999885559082,77,5,129,1229,3142
8792009665,2016-04-27,1758,1.1299999952316284,0,0,1.1299999952316284,0,0,112,900,2067
8877689391,2016-04-27,23629,20.649999618530273,13.069999694824219,0.43999999761581421,7.0999999046325684,93,8,235,1104,3808
1503960366,2016-04-26,13755,8.7899999618530273,2.3299999237060547,0.92000001668930054,5.5399999618530273,31,23,279,833,1970
1624580081,2016-04-26,2826,1.8400000333786011,0,0,1.8300000429153442,0,0,140,1300,1402
1644430081,2016-04-26,9919,7.2100000381469727,0.80000001192092896,1.7200000286102295,4.690000057220459,11,41,223,1165,3123
1844505072,2016-04-26,0,0,0,0,0,0,0,0,1440,1347
1927972279,2016-04-26,3761,2.5999999046325684,0,0,2.5999999046325684,0,0,192,1058,2638
2022484408,2016-04-26,10119,7.190000057220459,1.4299999475479126,0.6600000262260437,5.1100001335144043,55,24,275,1086,2793
2026352035,2016-04-26,5933,3.6800000667572021,0,0,3.6800000667572021,0,0,288,1018,1595
2320127002,2016-04-26,3409,2.2999999523162842,0,0,2.2999999523162842,0,0,147,1293,1632
2347167796,2016-04-26,5980,3.9500000476837158,0,0,3.9500000476837158,0,0,227,732,1861
2873212765,2016-04-26,8242,5.5399999618530273,0.11999999731779099,0.18000000715255737,5.2399997711181641,2,5,309,1124,1882
3372868164,2016-04-26,8283,5.7899999618530273,1.8500000238418579,0.05000000074505806,3.869999885559082,22,2,333,1083,2057
3977333714,2016-04-26,11388,7.619999885559082,0.44999998807907104,4.2199997901916504,2.9500000476837158,7,95,170,797,1551
4020332650,2016-04-26,0,0,0,0,0,0,0,0,1440,1980
4319703577,2016-04-26,9899,6.6399998664855957,0.56999999284744263,0.92000001668930054,5.1500000953674316,8,21,288,649,2236
4388161847,2016-04-26,9461,7.2800002098083496,0.93999999761581421,1.059999942779541,5.2699999809265137,14,23,224,673,2929
4445114986,2016-04-26,6326,4.4099998474121094,2.4100000858306885,3.9999999105930328E-2,1.9600000381469727,29,1,180,839,2291
4558609924,2016-04-26,9148,6.0500001907348633,0.43000000715255737,2.0299999713897705,3.5899999141693115,12,41,283,1062,2223
4702921684,2016-04-26,6108,4.9499998092651367,7.0000000298023224E-2,0.34999999403953552,4.5399999618530273,1,8,216,765,2784
5553957443,2016-04-26,11886,7.7600002288818359,2.369999885559082,0.93000000715255737,4.4600000381469727,40,18,238,750,2093
5577150313,2016-04-26,5325,3.9800000190734863,0.85000002384185791,0.64999997615814209,2.4700000286102295,38,32,181,759,3088
6117666160,2016-04-26,9543,7.2100000381469727,0,0.34000000357627869,6.869999885559082,0,7,352,1077,2450
6290855005,2016-04-26,0,0,0,0,0,0,0,0,1440,2060
6775888955,2016-04-26,7091,5.2699999809265137,3.4800000190734863,0.87000000476837158,0.73000001907348633,42,30,47,1321,2584
6962181067,2016-04-26,10433,6.9000000953674316,2.5799999237060547,0.41999998688697815,3.9000000953674316,36,7,254,680,2012
7007744171,2016-04-26,15090,10.100000381469727,0.93000000715255737,0.93999999761581421,8.2299995422363281,16,22,424,978,2939
7086361926,2016-04-26,10387,7.070000171661377,4.1599998474121094,0.76999998092651367,2.119999885559082,70,33,132,726,2781
8053475328,2016-04-26,12685,9.619999885559082,6.309999942779541,0.20000000298023224,3.0999999046325684,68,5,185,1182,2846
8253242879,2016-04-26,4562,3.0399999618530273,1.1799999475479126,0.49000000953674316,1.3700000047683716,19,14,108,1299,1813
8378563200,2016-04-26,16208,12.850000381469727,7.5100002288818359,0.92000001668930054,4.4200000762939453,90,18,161,593,3763
8583815059,2016-04-26,10499,8.1899995803833008,7.0000000298023224E-2,4.2199997901916504,3.8900001049041748,1,91,214,1134,3093
8792009665,2016-04-26,1321,0.85000002384185791,0,0,0.85000002384185791,0,0,80,1360,1928
8877689391,2016-04-26,11101,8.4300003051757813,1.7599999904632568,0.12999999523162842,6.5,22,3,258,1157,2860
1503960366,2016-04-25,15355,9.8000001907348633,5.2899999618530273,0.56999999284744263,3.940000057220459,73,14,216,814,2013
1624580081,2016-04-25,6497,4.2199997901916504,0,0,4.1999998092651367,0,0,202,1238,1492
1644430081,2016-04-25,3580,2.5999999046325684,0.5899999737739563,5.9999998658895493E-2,1.9500000476837158,8,1,94,1337,2497
1844505072,2016-04-25,0,0,0,0,0,0,0,0,1440,1347
1927972279,2016-04-25,152,0.10999999940395355,0,0,0.10999999940395355,0,0,12,1303,2100
2022484408,2016-04-25,11369,8.0100002288818359,3.3299999237060547,0.2199999988079071,4.4600000381469727,44,8,217,1171,2470
2026352035,2016-04-25,6017,3.7300000190734863,0,0,3.7300000190734863,0,0,260,821,1576
2320127002,2016-04-25,3588,2.4200000762939453,0.23000000417232513,0.20000000298023224,1.9900000095367432,3,5,152,1280,1654
2347167796,2016-04-25,9482,6.380000114440918,1.2699999809265137,0.51999998092651367,4.5999999046325684,15,11,277,653,2095
2873212765,2016-04-25,7373,4.9499998092651367,0,0,4.9499998092651367,0,0,359,1081,1907
3372868164,2016-04-25,5995,4.0900001525878906,0,0,4.0900001525878906,0,0,416,1024,2010
3977333714,2016-04-25,11177,8.4799995422363281,5.619999885559082,0.43000000715255737,2.4100000858306885,50,9,133,781,1570
4020332650,2016-04-25,0,0,0,0,0,0,0,0,1440,1980
4319703577,2016-04-25,9259,6.2100000381469727,0,0.2800000011920929,5.929999828338623,0,8,390,544,2314
4388161847,2016-04-25,12961,9.9700002670288086,0.73000001907348633,1.3999999761581421,7.8400001525878906,11,31,301,1054,3288
4445114986,2016-04-25,3385,2.2699999809265137,0,0,2.2699999809265137,0,0,179,916,2070
4558609924,2016-04-25,8095,5.3499999046325684,0.5899999737739563,0.25,4.5100002288818359,18,10,340,993,2225
4702921684,2016-04-25,9167,7.429999828338623,0.49000000953674316,0.81999999284744263,6.1100001335144043,6,15,270,730,3064
5553957443,2016-04-25,10946,7.190000057220459,2.9300000667572021,0.56999999284744263,3.690000057220459,51,11,201,732,2033
5577150313,2016-04-25,6393,4.7800002098083496,1.3500000238418579,0.67000001668930054,2.7599999904632568,61,38,214,743,3374
6117666160,2016-04-25,0,0,0,0,0,0,0,0,1440,1497
6290855005,2016-04-25,7802,5.9000000953674316,0.68000000715255737,0.18000000715255737,5.0300002098083496,8,3,249,1180,2771
6775888955,2016-04-25,6474,4.6399998664855957,2.2699999809265137,0.46000000834465027,1.8999999761581421,33,13,92,1302,2484
6962181067,2016-04-25,13239,9.2700004577636719,3.0199999809265137,1.6799999475479126,4.4600000381469727,35,31,282,637,2194
7007744171,2016-04-25,18229,13.340000152587891,4.309999942779541,1.3700000047683716,7.6700000762939453,51,24,379,986,3055
7086361926,2016-04-25,10091,6.820000171661377,3.75,0.69999998807907104,2.369999885559082,69,39,129,706,2752
8053475328,2016-04-25,20500,15.689999580383301,11.369999885559082,0.46000000834465027,3.8599998950958252,118,9,209,1104,3403
8253242879,2016-04-25,6829,4.5100002288818359,0.36000001430511475,2.3900001049041748,1.7699999809265137,7,54,118,1261,1909
8378563200,2016-04-25,12405,9.8400001525878906,5.0500001907348633,0.87000000476837158,3.9200000762939453,117,16,141,692,4005
8583815059,2016-04-25,4503,3.5099999904632568,1.4700000286102295,0.23999999463558197,1.809999942779541,18,6,122,1294,2547
8792009665,2016-04-25,0,0,0,0,0,0,0,0,1440,1688
8877689391,2016-04-25,12986,8.7399997711181641,2.369999885559082,7.0000000298023224E-2,6.2699999809265137,113,8,218,1101,3802
1503960366,2016-04-24,10039,6.4099998474121094,2.9200000762939453,0.20999999344348907,3.2799999713897705,39,5,238,709,1788
1624580081,2016-04-24,6076,3.9500000476837158,1.1499999761581421,0.9100000262260437,1.8899999856948853,16,18,185,1221,1617
1644430081,2016-04-24,3321,2.4100000858306885,0,0,2.4100000858306885,0,0,89,1351,2413
1844505072,2016-04-24,0,0,0,0,0,0,0,0,1440,1347
1927972279,2016-04-24,2090,1.4500000476837158,7.0000000298023224E-2,0.23999999463558197,1.1399999856948853,1,6,75,1358,2324
2022484408,2016-04-24,13481,10.279999732971191,4.5500001907348633,1.1499999761581421,4.5799999237060547,37,26,216,1161,2529
2026352035,2016-04-24,3490,2.1600000858306885,0,0,2.1600000858306885,0,0,164,704,1401
2320127002,2016-04-24,4165,2.809999942779541,0,0,2.7999999523162842,0,0,204,1236,1725
2347167796,2016-04-24,9471,6.2600002288818359,0,0,6.2600002288818359,0,0,360,584,2187
2873212765,2016-04-24,6873,4.679999828338623,3,5.9999998658895493E-2,1.6200000047683716,46,1,190,1203,1898
3372868164,2016-04-24,6731,4.5900001525878906,0.88999998569488525,0.18999999761581421,3.4900000095367432,14,7,292,1127,1921
3977333714,2016-04-24,14112,10,3.2699999809265137,4.559999942779541,2.1700000762939453,30,95,129,660,1655
4020332650,2016-04-24,0,0,0,0,0,0,0,0,1440,1980
4319703577,2016-04-24,4081,2.7400000095367432,5.9999998658895493E-2,0.20000000298023224,2.4700000286102295,1,5,191,692,1880
4388161847,2016-04-24,10243,7.880000114440918,1.0800000429153442,0.50999999046325684,6.3000001907348633,14,8,239,584,2885
4445114986,2016-04-24,5002,3.3599998950958252,0,0,3.3599998950958252,0,0,244,1196,2247
4558609924,2016-04-24,8563,5.6599998474121094,0,0,5.6500000953674316,0,0,395,1045,2173
4702921684,2016-04-24,15050,12.220000267028809,1.2000000476837158,5.119999885559082,5.880000114440918,15,95,281,542,3538
5553957443,2016-04-24,1807,1.1799999475479126,0,0,1.1799999475479126,0,0,104,582,1507
5577150313,2016-04-24,15764,11.779999732971191,7.6500000953674316,2.1500000953674316,1.9800000190734863,210,65,141,425,4392
6117666160,2016-04-24,7623,5.7600002288818359,0,0,5.7600002288818359,0,0,362,711,2305
6290855005,2016-04-24,5896,4.4600000381469727,0,0,4.4600000381469727,0,0,258,1182,2703
6775888955,2016-04-24,2153,1.5399999618530273,0.76999998092651367,0.62000000476837158,0.15000000596046448,11,18,11,1400,2053
6962181067,2016-04-24,5029,3.3199999332427979,0,0,3.3199999332427979,0,0,199,720,1705
7007744171,2016-04-24,11085,7.4200000762939453,0,0,7.4200000762939453,0,0,419,1021,2667
7086361926,2016-04-24,3520,2.1600000858306885,0,0,2.1500000953674316,0,0,125,566,2049
8053475328,2016-04-24,22988,17.950000762939453,13.130000114440918,1.5499999523162842,3.2599999904632568,129,33,182,1096,3577
8253242879,2016-04-24,8905,7.130000114440918,5.5999999046325684,0.18999999761581421,1.3400000333786011,41,4,82,1313,1976
8378563200,2016-04-24,3703,2.940000057220459,0,0,2.940000057220459,0,0,135,734,2741
8583815059,2016-04-24,8286,6.4600000381469727,0.15000000596046448,2.0499999523162842,4.2699999809265137,2,44,206,1188,2889
8792009665,2016-04-24,400,0.25999999046325684,3.9999999105930328E-2,0.05000000074505806,0.15999999642372131,3,8,19,1410,1799
8877689391,2016-04-24,16674,15.739999771118164,11.010000228881836,9.9999997764825821E-3,4.690000057220459,64,1,227,1148,3455
1503960366,2016-04-23,14371,9.0399999618530273,2.809999942779541,0.87000000476837158,5.3600001335144043,41,21,262,732,1949
1624580081,2016-04-23,8538,5.5500001907348633,0,0,5.5399999618530273,0,0,227,1213,1562
1644430081,2016-04-23,6637,4.8299999237060547,0,0.57999998331069946,4.25,0,15,160,1265,2677
1844505072,2016-04-23,3570,2.3599998950958252,0,0,2.3599998950958252,0,0,139,1301,1645
1927972279,2016-04-23,2945,2.0399999618530273,0,0,2.0399999618530273,0,0,145,1295,2499
2022484408,2016-04-23,6001,4.2100000381469727,0,0,4.2100000381469727,0,0,249,1191,2069
2026352035,2016-04-23,12357,7.7100000381469727,0,0,7.7100000381469727,0,0,432,458,1916
2320127002,2016-04-23,5079,3.4200000762939453,0,0,3.4200000762939453,0,0,242,1129,1804
2347167796,2016-04-23,16901,11.369999885559082,2.7799999713897705,1.4500000476837158,7.1500000953674316,32,35,360,591,2629
2873212765,2016-04-23,9317,6.3499999046325684,2.0899999141693115,0.23000000417232513,4.0199999809265137,28,5,330,1077,2021
3372868164,2016-04-23,7396,5.070000171661377,1.3999999761581421,7.9999998211860657E-2,3.5799999237060547,20,2,303,1115,1995
3977333714,2016-04-23,12058,8.0699996948242188,0,4.2199997901916504,3.8499999046325684,0,92,252,724,1638
4020332650,2016-04-23,0,0,0,0,0,0,0,0,1440,1980
4319703577,2016-04-23,4935,3.309999942779541,0,0,3.309999942779541,0,0,233,546,1945
4388161847,2016-04-23,13236,10.180000305175781,4.5,0.31999999284744263,5.3499999046325684,58,5,215,749,3306
4445114986,2016-04-23,4363,2.9300000667572021,0,0,2.9300000667572021,0,0,201,1239,2149
4558609924,2016-04-23,6890,4.5500001907348633,0.34000000357627869,0.20000000298023224,4.0100002288818359,5,5,308,1122,2085
4702921684,2016-04-23,15126,12.270000457763672,0.75999999046325684,3.2400000095367432,8.2700004577636719,9,66,408,469,3691
5553957443,2016-04-23,4112,2.690000057220459,0,0,2.6800000667572021,0,0,272,443,1776
5577150313,2016-04-23,7638,5.7100000381469727,1.2100000381469727,0.36000001430511475,4.1399998664855957,24,24,223,627,3152
6117666160,2016-04-23,11495,8.6800003051757813,0,0,8.6800003051757813,0,0,512,468,2651
6290855005,2016-04-23,0,0,0,0,0,33,0,0,1407,2664
6775888955,2016-04-23,0,0,0,0,0,0,0,0,1440,1841
6962181067,2016-04-23,20031,13.239999771118164,4.1999998092651367,2,7.0399999618530273,58,41,347,484,2571
7007744171,2016-04-23,8093,5.4099998474121094,0.12999999523162842,1.1299999952316284,4.1500000953674316,2,25,223,1190,2284
7086361926,2016-04-23,2817,1.809999942779541,0,0,1.7999999523162842,0,0,90,1350,1965
8053475328,2016-04-23,22359,17.190000534057617,12.539999961853027,0.62999999523162842,4.0199999809265137,125,14,223,741,3554
8253242879,2016-04-23,9282,6.2600002288818359,2.0899999141693115,1.0399999618530273,3.130000114440918,30,26,191,1193,2132
8378563200,2016-04-23,5709,4.5300002098083496,1.5199999809265137,0.51999998092651367,2.4800000190734863,19,10,136,740,2908
8583815059,2016-04-23,9423,7.3499999046325684,0.52999997138977051,2.0299999713897705,4.75,7,44,238,1151,3012
8792009665,2016-04-23,5245,3.3599998950958252,0.15999999642372131,0.43999999761581421,2.75,8,45,232,795,2748
8877689391,2016-04-23,11200,7.429999828338623,0,0,7.4000000953674316,102,6,300,1032,3891
1503960366,2016-04-22,12764,8.130000114440918,4.7600002288818359,1.1200000047683716,2.2400000095367432,66,27,130,1217,1827
1624580081,2016-04-22,4026,2.619999885559082,0,0,2.5999999046325684,0,0,199,1241,1470
1644430081,2016-04-22,3673,2.6700000762939453,0,0,2.6600000858306885,0,0,86,1354,2344
1844505072,2016-04-22,5372,3.5499999523162842,0,0,3.5499999523162842,0,0,220,1220,1827
1927972279,2016-04-22,149,0.10000000149011612,0,0,0.10000000149011612,0,0,10,1430,2093
2022484408,2016-04-22,12954,9.3299999237060547,4.429999828338623,0.41999998688697815,4.4699997901916504,52,10,273,1105,2638
2026352035,2016-04-22,2915,1.809999942779541,0,0,1.809999942779541,0,0,162,712,1399
2320127002,2016-04-22,5583,3.7599999904632568,0,0,3.7599999904632568,0,0,266,1174,1851
2347167796,2016-04-22,7804,5.1599998474121094,0.56000000238418579,1.6799999475479126,2.9200000762939453,9,27,206,781,1946
2873212765,2016-04-22,7286,4.9000000953674316,0.46000000834465027,0,4.4200000762939453,46,0,366,1028,2241
3372868164,2016-04-22,3843,2.619999885559082,0,0,2.6099998950958252,0,0,206,1234,1669
3977333714,2016-04-22,8911,5.9600000381469727,2.3299999237060547,0.57999998331069946,3.059999942779541,33,12,188,731,1481
4020332650,2016-04-22,0,0,0,0,0,0,0,0,1440,1980
4319703577,2016-04-22,4500,3.0199999809265137,5.9999998658895493E-2,0.81000000238418579,2.1500000953674316,1,19,176,709,1886
4388161847,2016-04-22,12139,9.3400001525878906,3.2999999523162842,1.1100000143051147,4.9200000762939453,77,25,220,945,3544
4445114986,2016-04-22,6831,4.5799999237060547,0,0,4.5799999237060547,0,0,317,706,2432
4558609924,2016-04-22,9601,6.3499999046325684,1.3700000047683716,1.5,3.4700000286102295,20,25,273,1122,2094
4702921684,2016-04-22,1664,1.3500000238418579,0,0,1.3500000238418579,0,0,72,1341,2241
5553957443,2016-04-22,11682,7.630000114440918,1.3799999952316284,0.62999999523162842,5.5999999046325684,25,16,270,781,2105
5577150313,2016-04-22,9172,6.8499999046325684,2.4200000762939453,0.79000002145767212,3.2999999523162842,62,30,200,823,3329
6117666160,2016-04-22,8206,6.1999998092651367,0,0,6.1999998092651367,0,0,402,413,2409
6290855005,2016-04-22,6238,4.7199997901916504,0,0,4.7199997901916504,0,0,302,1138,2796
6775888955,2016-04-22,637,0.46000000834465027,0,0,0.46000000834465027,0,0,20,1420,1922
6962181067,2016-04-22,10725,7.0900001525878906,1.7699999809265137,1.5499999523162842,3.7699999809265137,30,33,240,659,2086
7007744171,2016-04-22,15299,10.239999771118164,4.0999999046325684,1.7599999904632568,4.369999885559082,64,50,261,1065,2889
7086361926,2016-04-22,9753,6.5300002098083496,2.869999885559082,0.97000002861022949,2.6700000762939453,58,59,153,762,2846
8053475328,2016-04-22,10520,8.2899999618530273,6.2600002288818359,0.15000000596046448,1.8799999952316284,60,3,117,1260,2655
8253242879,2016-04-22,2824,1.8700000047683716,0,0,1.8700000047683716,0,0,120,1320,1651
8378563200,2016-04-22,12200,9.6700000762939453,4.9099998474121094,0.5899999737739563,4.179999828338623,113,12,159,769,4044
8583815059,2016-04-22,8687,6.7800002098083496,0.28999999165534973,2.4100000858306885,4.0799999237060547,4,54,212,1170,2944
8792009665,2016-04-22,4068,2.5999999046325684,0.05000000074505806,0.2800000011920929,2.2699999809265137,1,20,195,817,2419
8877689391,2016-04-22,18258,16.309999465942383,10.229999542236328,2.9999999329447746E-2,5.9699997901916504,61,2,236,1141,3427
1503960366,2016-04-21,9819,6.3400001525878906,1.3400000333786011,0.34999999403953552,4.6500000953674316,19,8,211,838,1775
1624580081,2016-04-21,6349,4.130000114440918,0,0,4.1100001335144043,0,0,186,1254,1467
1644430081,2016-04-21,1223,0.88999998569488525,0,0,0.87999999523162842,0,0,38,1402,2140
1844505072,2016-04-21,8054,5.320000171661377,0.11999999731779099,0.51999998092651367,4.679999828338623,2,13,308,1117,2062
1927972279,2016-04-21,0,0,0,0,0,0,0,0,1440,2064
2022484408,2016-04-21,12453,8.7399997711181641,3.3299999237060547,1.1100000143051147,4.309999942779541,104,53,255,1028,3158
2026352035,2016-04-21,2467,1.5299999713897705,0,0,1.5299999713897705,0,0,153,749,1370
2320127002,2016-04-21,3404,2.2899999618530273,5.9999998658895493E-2,0.41999998688697815,1.809999942779541,1,10,127,1302,1610
2347167796,2016-04-21,10080,6.75,1.8500000238418579,1.5299999713897705,3.380000114440918,23,26,208,761,2048
2873212765,2016-04-21,8859,5.9800000190734863,0.12999999523162842,0.37000000476837158,5.4699997901916504,2,10,371,1057,1970
3372868164,2016-04-21,8857,6.070000171661377,1.1499999761581421,0.25999999046325684,4.6399998664855957,18,9,376,1037,2124
3977333714,2016-04-21,6093,4.0799999237060547,0,0,4.059999942779541,0,0,242,712,1397
4020332650,2016-04-21,0,0,0,0,0,0,0,0,1440,1980
4319703577,2016-04-21,3702,2.4800000190734863,0,0,0.34999999403953552,0,0,34,1265,1792
4388161847,2016-04-21,10055,7.7300000190734863,0.37000000476837158,0.38999998569488525,6.9800000190734863,7,12,272,853,3069
4445114986,2016-04-21,3809,2.559999942779541,0,0,2.5399999618530273,0,0,215,756,2150
4558609924,2016-04-21,13743,9.0799999237060547,0.41999998688697815,0.97000002861022949,7.6999998092651367,6,21,432,844,2486
4702921684,2016-04-21,6530,5.3000001907348633,0.31000000238418579,2.0499999523162842,2.940000057220459,4,41,144,901,2729
5553957443,2016-04-21,12346,8.0600004196166992,2.9500000476837158,2.1600000858306885,2.9600000381469727,47,42,177,801,2066
5577150313,2016-04-21,10830,8.0900001525878906,3.6500000953674316,1.6599999666213989,2.7799999713897705,110,74,175,670,4018
6117666160,2016-04-21,19542,15.010000228881836,0.98000001907348633,0.40000000596046448,5.619999885559082,11,19,294,579,4900
6290855005,2016-04-21,0,0,0,0,0,0,0,0,1440,2060
6775888955,2016-04-21,0,0,0,0,0,0,0,0,1440,1841
6962181067,2016-04-21,11835,9.7100000381469727,3.9900000095367432,2.0999999046325684,3.5099999904632568,53,27,214,708,2179
7007744171,2016-04-21,13744,9.1899995803833008,2.1500000953674316,1.8700000047683716,5.1700000762939453,30,34,327,1049,2763
7086361926,2016-04-21,9469,6.179999828338623,1.3600000143051147,0.30000001192092896,4.5100002288818359,19,6,206,758,2463
8053475328,2016-04-21,16057,12.510000228881836,9.6700000762939453,0.25,2.5799999237060547,100,6,170,1164,3103
8253242879,2016-04-21,11268,8.5600004196166992,5.880000114440918,0.93000000715255737,1.75,49,20,172,1199,2218
8378563200,2016-04-21,15148,12.010000228881836,6.9000000953674316,0.81999999284744263,4.2899999618530273,137,16,145,677,4236
8583815059,2016-04-21,8538,6.6599998474121094,2.630000114440918,1.0199999809265137,3.0099999904632568,35,18,158,1229,2883
8792009665,2016-04-21,144,9.0000003576278687E-2,0,0,9.0000003576278687E-2,0,0,9,1431,1720
8877689391,2016-04-21,19377,17.620000839233398,12.289999961853027,0.41999998688697815,4.8899998664855957,82,13,226,1119,3659
1503960366,2016-04-20,10544,6.679999828338623,1.9600000381469727,0.47999998927116394,4.2399997711181641,28,12,205,818,1786
1624580081,2016-04-20,4974,3.2300000190734863,0,0,3.2300000190734863,0,0,151,1289,1446
1644430081,2016-04-20,2436,1.7699999809265137,0,0,1.7599999904632568,0,0,125,1315,2430
1844505072,2016-04-20,8,9.9999997764825821E-3,0,0,9.9999997764825821E-3,0,0,1,1439,1349
1927972279,2016-04-20,0,0,0,0,0,0,0,0,1440,2063
2022484408,2016-04-20,15112,10.670000076293945,3.3399999141693115,1.9299999475479126,5.4000000953674316,48,63,276,1053,2897
2026352035,2016-04-20,7222,4.4800000190734863,0,0,4.4800000190734863,0,0,327,623,1667
2320127002,2016-04-20,7192,4.8499999046325684,0,0.49000000953674316,4.3400001525878906,0,11,283,1146,1922
2347167796,2016-04-20,10999,7.2699999809265137,0.68000000715255737,1.809999942779541,4.7800002098083496,11,43,269,1011,2198
2873212765,2016-04-20,9202,6.3000001907348633,1.5099999904632568,0.11999999731779099,4.6599998474121094,22,5,378,1035,2094
3372868164,2016-04-20,4880,3.3299999237060547,0.8399999737739563,9.0000003576278687E-2,2.380000114440918,15,3,274,1148,1867
3977333714,2016-04-20,11658,7.8299999237060547,0.20000000298023224,4.3499999046325684,3.2799999713897705,2,98,164,845,1554
4020332650,2016-04-20,0,0,0,0,0,0,0,0,1440,1980
4319703577,2016-04-20,8954,6.0100002288818359,0,0.68000000715255737,5.309999942779541,0,18,306,671,2220
4388161847,2016-04-20,10553,8.119999885559082,1.1000000238418579,1.7200000286102295,5.2899999618530273,19,42,228,696,3083
4445114986,2016-04-20,2072,1.3899999856948853,0,0,1.3899999856948853,0,0,137,841,1974
4558609924,2016-04-20,4803,3.1700000762939453,0,0,3.1700000762939453,0,0,222,1218,1788
4702921684,2016-04-20,8793,7.130000114440918,0.15999999642372131,1.2300000190734863,5.7300000190734863,2,29,260,717,3061
5553957443,2016-04-20,2713,1.7699999809265137,0,0,1.7699999809265137,0,0,148,598,1570
5577150313,2016-04-20,8330,6.2199997901916504,4.119999885559082,0.34000000357627869,1.7599999904632568,87,16,113,773,3192
6117666160,2016-04-20,10449,8.0200004577636719,2.0299999713897705,0.47999998927116394,5.5199999809265137,26,10,349,587,2536
6290855005,2016-04-20,6361,4.809999942779541,0,0,4.8000001907348633,0,0,258,1182,2701
6775888955,2016-04-20,10771,7.7199997901916504,3.7699999809265137,1.7400000095367432,2.2200000286102295,70,113,178,1079,3727
6962181067,2016-04-20,13928,9.5500001907348633,4.2800002098083496,0.18999999761581421,5.0900001525878906,48,4,297,639,2174
7007744171,2016-04-20,15566,11.310000419616699,4.7899999618530273,0.67000001668930054,5.8600001335144043,60,33,347,1000,3096
7086361926,2016-04-20,14365,10.640000343322754,7.6399998664855957,0.44999998807907104,2.5399999618530273,87,13,145,797,2997
8053475328,2016-04-20,15108,12.189999580383301,9.5799999237060547,0.23000000417232513,2.380000114440918,89,5,158,695,3043
8253242879,2016-04-20,6466,4.2699999809265137,0.33000001311302185,0.81999999284744263,3.1099998950958252,5,18,216,1201,1931
8378563200,2016-04-20,9388,7.440000057220459,2.2300000190734863,0.43999999761581421,4.7800002098083496,82,8,169,763,3787
8583815059,2016-04-20,5273,4.1100001335144043,0,1.0399999618530273,3.0699999332427979,0,27,167,1246,2647
8792009665,2016-04-20,3147,2.0099999904632568,0,0.2800000011920929,1.7400000095367432,0,10,139,744,2188
8877689391,2016-04-20,19948,18.110000610351563,11.020000457763672,0.68999999761581421,6.3400001525878906,73,19,225,1123,3679
1503960366,2016-04-19,15506,9.880000114440918,3.5299999713897705,1.3200000524520874,5.0300002098083496,50,31,264,775,2035
1624580081,2016-04-19,2916,1.8999999761581421,0,0,1.8999999761581421,0,0,141,1299,1435
1644430081,2016-04-19,11256,8.1800003051757813,0.36000001430511475,2.5299999713897705,5.3000001907348633,5,58,278,1099,3300
1844505072,2016-04-19,197,0.12999999523162842,0,0,0.12999999523162842,0,0,10,1430,1366
1927972279,2016-04-19,0,0,0,0,0,0,0,0,1440,2063
2022484408,2016-04-19,11548,8.5299997329711914,3.2899999618530273,0.23999999463558197,5,31,7,250,1152,2489
2026352035,2016-04-19,2424,1.5,0,0,1.5,0,0,141,785,1356
2320127002,2016-04-19,5997,4.0399999618530273,0,0.37999999523162842,3.6600000858306885,0,11,228,1201,1811
2347167796,2016-04-19,6711,4.440000057220459,0,0,4.440000057220459,0,7,382,648,2346
2873212765,2016-04-19,7948,5.369999885559082,0,0,5.3600001335144043,0,0,389,1051,1956
3372868164,2016-04-19,7711,5.2600002288818359,0,0,5.2399997711181641,0,0,376,1064,1985
3977333714,2016-04-19,12414,8.7799997329711914,2.2400000095367432,2.4500000476837158,3.9600000381469727,19,67,221,738,1638
4020332650,2016-04-19,0,0,0,0,0,0,0,0,1440,1980
4319703577,2016-04-19,8925,5.9899997711181641,0,0,5.9899997711181641,0,0,311,604,2200
4388161847,2016-04-19,10181,7.8299999237060547,1.3700000047683716,0.68999999761581421,5.7699999809265137,20,16,249,704,3015
4445114986,2016-04-19,2064,1.3899999856948853,0,0,1.3899999856948853,0,0,121,895,1954
4558609924,2016-04-19,5401,3.5699999332427979,0.05000000074505806,0.36000001430511475,3.1600000858306885,1,9,248,1182,1876
4702921684,2016-04-19,6708,5.440000057220459,0.87999999523162842,0.37000000476837158,4.190000057220459,10,8,179,757,2812
5553957443,2016-04-19,15482,10.109999656677246,4.2800002098083496,1.6599999666213989,4.179999828338623,69,28,249,756,2284
5577150313,2016-04-19,12574,9.4200000762939453,7.0199999809265137,0.63999998569488525,1.7599999904632568,108,23,111,733,3501
6117666160,2016-04-19,11135,8.4099998474121094,0,0,8.4099998474121094,0,0,480,425,2606
6290855005,2016-04-19,7142,5.4000000953674316,0,0,5.3899998664855957,0,0,321,1119,2839
6775888955,2016-04-19,0,0,0,0,0,0,0,0,1440,1841
6962181067,2016-04-19,10742,7.0999999046325684,2.0999999046325684,2.130000114440918,2.869999885559082,35,41,195,659,2046
7007744171,2016-04-19,14194,10.479999542236328,4.4099998474121094,0.75999999046325684,5.309999942779541,53,17,304,1066,2812
7086361926,2016-04-19,10688,7.2899999618530273,3.5299999713897705,1.2300000190734863,2.5099999904632568,67,69,124,671,2944
8053475328,2016-04-19,15929,12.479999542236328,9.2200002670288086,0.31000000238418579,2.9500000476837158,90,7,191,1152,3114
8253242879,2016-04-19,4212,2.7799999713897705,0,0,2.7799999713897705,0,0,164,1276,1763
8378563200,2016-04-19,13070,10.359999656677246,5.3000001907348633,0.87999999523162842,4.179999828338623,120,19,154,737,4092
8583815059,2016-04-19,5697,4.440000057220459,0.52999997138977051,0.47999998927116394,3.440000057220459,7,10,166,1257,2668
8792009665,2016-04-19,0,0,0,0,0,0,0,0,1440,1688
8877689391,2016-04-19,18785,17.399999618530273,12.149999618530273,0.18000000715255737,5.0300002098083496,82,13,214,1131,3676
1503960366,2016-04-18,13019,8.5900001525878906,3.25,0.63999998569488525,4.7100000381469727,42,16,233,1149,1921
1624580081,2016-04-18,10536,7.4099998474121094,2.1500000953674316,0.62000000476837158,4.619999885559082,17,7,202,1214,1604
1644430081,2016-04-18,7132,5.190000057220459,1.0700000524520874,1.6699999570846558,2.4500000476837158,15,33,121,1271,2806
1844505072,2016-04-18,4597,3.0399999618530273,0,0.47999998927116394,2.559999942779541,0,12,217,1211,1814
1927972279,2016-04-18,244,0.17000000178813934,0,0,0.17000000178813934,0,0,17,1423,2111
2022484408,2016-04-18,14131,10.069999694824219,3.6400001049041748,0.11999999731779099,6.3000001907348633,48,3,311,1078,2770
2026352035,2016-04-18,3325,2.059999942779541,0,0,2.059999942779541,0,0,182,1062,1419
2320127002,2016-04-18,6559,4.4200000762939453,0,0.25999999046325684,4.1399998664855957,0,7,260,1173,1905
2347167796,2016-04-18,8247,5.4499998092651367,0.79000002145767212,0.86000001430511475,3.7899999618530273,11,16,206,678,1944
2873212765,2016-04-18,7762,5.2399997711181641,7.0000000298023224E-2,0.2800000011920929,4.8899998664855957,1,6,311,1122,1890
3372868164,2016-04-18,6798,4.6399998664855957,1.0800000429153442,0.20000000298023224,3.3499999046325684,20,7,343,1070,2014
3977333714,2016-04-18,11663,7.8000001907348633,0.25,3.7300000190734863,3.8199999332427979,4,95,214,605,1584
4020332650,2016-04-18,62,3.9999999105930328E-2,0,0,3.9999999105930328E-2,0,0,2,1438,1995
4319703577,2016-04-18,2276,1.5499999523162842,7.0000000298023224E-2,0.33000001311302185,1.1200000047683716,1,9,58,824,1632
4388161847,2016-04-18,11009,9.1000003814697266,3.559999942779541,0.40000000596046448,5.1399998664855957,27,8,239,1017,3274
4445114986,2016-04-18,6155,4.2399997711181641,2,0.28999999165534973,1.9500000476837158,25,6,162,1247,2248
4558609924,2016-04-18,8940,5.9099998474121094,0.98000001907348633,0.93000000715255737,4,14,15,331,1080,2116
4702921684,2016-04-18,9105,7.380000114440918,1.8200000524520874,1.4900000095367432,4.070000171661377,22,30,191,890,3013
5553957443,2016-04-18,3727,2.4300000667572021,0,0,2.4300000667572021,0,0,206,622,1683
5577150313,2016-04-18,9893,7.3899998664855957,4.8600001335144043,0.72000002861022949,1.8200000524520874,114,32,130,623,3625
6117666160,2016-04-18,5153,3.9100000858306885,0,0,3.8900001049041748,0,0,241,759,2018
6290855005,2016-04-18,6885,5.2100000381469727,0,0,5.190000057220459,0,0,271,1169,2766
6775888955,2016-04-18,8294,5.9499998092651367,2,0.76999998092651367,3.1700000762939453,30,31,146,1233,2798
6962181067,2016-04-18,11404,7.5399999618530273,0.82999998331069946,2.3900001049041748,4.320000171661377,13,42,238,689,2039
7007744171,2016-04-18,14816,10.979999542236328,3.7899999618530273,2.119999885559082,5.0500001907348633,48,31,284,1077,2832
7086361926,2016-04-18,9827,6.7100000381469727,3.1700000762939453,1.2200000286102295,2.309999942779541,61,51,114,1136,2743
8053475328,2016-04-18,17076,12.659999847412109,9.0799999237060547,0.23000000417232513,3.3499999046325684,102,6,195,1137,3133
8253242879,2016-04-18,5151,3.4800000190734863,1.0399999618530273,0.62999999523162842,1.7999999523162842,16,16,130,1278,1829
8378563200,2016-04-18,13630,10.810000419616699,5.0500001907348633,0.56000000238418579,5.1999998092651367,117,10,174,720,4157
8583815059,2016-04-18,3864,3.0099999904632568,0.31000000238418579,1.059999942779541,1.3500000238418579,4,22,105,1309,2536
8792009665,2016-04-18,0,0,0,0,0,0,0,0,1440,1688
8877689391,2016-04-18,11423,8.6700000762939453,2.440000057220459,0.27000001072883606,5.940000057220459,29,5,191,1215,2761
1503960366,2016-04-17,9705,6.4800000190734863,3.190000057220459,0.77999997138977051,2.5099999904632568,38,20,164,539,1728
1624580081,2016-04-17,6175,4.059999942779541,1.0299999713897705,1.5199999809265137,1.4900000095367432,15,22,127,1276,1554
1644430081,2016-04-17,8757,6.369999885559082,2.25,0.56999999284744263,3.5499999523162842,29,13,186,1212,3011
1844505072,2016-04-17,4525,2.9900000095367432,0.14000000059604645,0.25999999046325684,2.5899999141693115,2,8,199,1231,1793
1927972279,2016-04-17,0,0,0,0,0,0,0,0,1440,2063
2022484408,2016-04-17,15112,11.399999618530273,3.869999885559082,0.6600000262260437,6.880000114440918,28,29,331,1052,2782
2026352035,2016-04-17,838,0.51999998092651367,0,0,0.51999998092651367,0,0,60,1053,1214
2320127002,2016-04-17,6198,4.179999828338623,0,0,4.179999828338623,0,0,249,1191,1852
2347167796,2016-04-17,5472,3.619999885559082,7.9999998211860657E-2,0.2800000011920929,3.2599999904632568,1,7,249,508,1882
2873212765,2016-04-17,2524,1.7000000476837158,0,0.34999999403953552,1.3400000333786011,0,8,160,1272,1529
3372868164,2016-04-17,8199,5.880000114440918,1.4099999666213989,0.10000000149011612,4.3600001335144043,11,2,322,1105,1964
3977333714,2016-04-17,10415,6.9699997901916504,0.69999998807907104,2.3499999046325684,3.9200000762939453,11,58,205,600,1529
4020332650,2016-04-17,16,9.9999997764825821E-3,0,0,9.9999997764825821E-3,0,0,2,1438,1990
4319703577,2016-04-17,29,1.9999999552965164E-2,0,0,1.9999999552965164E-2,0,0,3,1363,1464
4388161847,2016-04-17,4660,3.5799999237060547,0,0,3.5799999237060547,0,0,201,721,2572
4445114986,2016-04-17,2268,1.5199999809265137,0,0,1.5199999809265137,0,0,114,1219,1933
4558609924,2016-04-17,9634,6.4000000953674316,0.55000001192092896,1.1399999856948853,4.7100000381469727,7,19,304,1110,2117
4702921684,2016-04-17,12692,10.289999961853027,0.95999997854232788,3.4600000381469727,5.880000114440918,12,66,302,437,3394
5553957443,2016-04-17,655,0.43000000715255737,0,0,0.43000000715255737,0,0,46,943,1397
5577150313,2016-04-17,12231,9.1400003433227539,5.9800000190734863,0.82999998331069946,2.3199999332427979,200,37,159,525,4552
6117666160,2016-04-17,7150,5.4000000953674316,0,0,5.4000000953674316,0,0,312,702,2225
6290855005,2016-04-17,7851,5.940000057220459,1.1399999856948853,0.79000002145767212,4,31,12,225,1172,3171
6775888955,2016-04-17,2497,1.7899999618530273,0.34999999403953552,1.1299999952316284,0.31000000238418579,5,24,19,1392,2067
6962181067,2016-04-17,10145,6.7100000381469727,0.33000001311302185,0.68000000715255737,5.690000057220459,5,13,295,634,2027
7007744171,2016-04-17,8059,5.3899998664855957,0,0,5.3899998664855957,0,0,305,1135,2383
7086361926,2016-04-17,0,0,0,0,0,0,0,0,1440,1629
8053475328,2016-04-17,18827,13.689999580383301,9.2399997711181641,0.80000001192092896,3.6400001049041748,111,21,195,1113,3213
8253242879,2016-04-17,10204,7.9099998474121094,5.429999828338623,0.15000000596046448,2.3299999237060547,41,5,157,1237,2112
8378563200,2016-04-17,2132,1.690000057220459,0,0,1.690000057220459,0,0,93,599,2572
8583815059,2016-04-17,3008,2.3499999046325684,0,0,0,0,0,0,1440,2439
8792009665,2016-04-17,0,0,0,0,0,0,0,0,1440,1688
8877689391,2016-04-17,15118,8.869999885559082,0,7.0000000298023224E-2,8.7899999618530273,58,15,307,1060,3545
1503960366,2016-04-16,12669,8.1599998474121094,2.7100000381469727,0.40999999642372131,5.0399999618530273,36,10,221,773,1863
1624580081,2016-04-16,5370,3.4900000095367432,0,0,3.4900000095367432,0,0,176,1264,1463
1644430081,2016-04-16,15300,11.119999885559082,4.0999999046325684,1.8799999952316284,5.0900001525878906,51,42,212,1135,3493
1844505072,2016-04-16,3414,2.2599999904632568,0,0,2.2599999904632568,0,0,147,1293,1657
1927972279,2016-04-16,0,0,0,0,0,0,0,0,1440,2064
2022484408,2016-04-16,10100,7.0900001525878906,3.1500000953674316,0.55000001192092896,3.3900001049041748,41,11,151,1237,2177
2026352035,2016-04-16,2547,1.5800000429153442,0,0,1.5800000429153442,0,0,150,728,1373
2320127002,2016-04-16,5057,3.4100000858306885,0,0,3.4000000953674316,0,0,195,1245,1724
2347167796,2016-04-16,22244,15.079999923706055,5.4499998092651367,4.0999999046325684,5.5300002098083496,66,72,268,968,2670
2873212765,2016-04-16,9685,6.6500000953674316,3.1099998950958252,1.9999999552965164E-2,3.5099999904632568,47,1,305,1087,2148
3372868164,2016-04-16,6905,4.7300000190734863,0,0,4.6999998092651367,0,0,356,1084,1908
3977333714,2016-04-16,13459,9,2.0299999713897705,4,2.9700000286102295,31,83,153,663,1625
4020332650,2016-04-16,1982,1.4199999570846558,0.44999998807907104,0.37000000476837158,0.5899999737739563,65,21,55,1222,3051
4319703577,2016-04-16,4744,3.1800000667572021,0,0,3.1800000667572021,0,0,194,724,1884
4388161847,2016-04-16,6580,5.059999942779541,0.20999999344348907,0.40000000596046448,4.4499998092651367,6,9,253,609,3073
4445114986,2016-04-16,3945,2.6500000953674316,0,0,2.6500000953674316,0,0,225,716,2180
4558609924,2016-04-16,7289,4.820000171661377,0.55000001192092896,0.75,3.5,8,12,308,1112,1997
4702921684,2016-04-16,11140,9.0299997329711914,0.23999999463558197,1.25,7.5399999618530273,3,24,335,556,3328
5553957443,2016-04-16,5771,3.7699999809265137,0,0,3.7699999809265137,0,0,288,521,1831
5577150313,2016-04-16,14269,10.659999847412109,6.6399998664855957,1.2799999713897705,2.7300000190734863,184,56,158,472,4274
6117666160,2016-04-16,14450,10.909999847412109,0.57999998331069946,0.85000002384185791,9.4799995422363281,7,15,518,502,2828
6290855005,2016-04-16,8301,6.2800002098083496,0,0,6.2699999809265137,0,0,258,1182,2783
6775888955,2016-04-16,4732,3.3900001049041748,2.5199999809265137,0.81000000238418579,5.9999998658895493E-2,36,18,9,1377,2225
6962181067,2016-04-16,13217,8.7399997711181641,3.6600000858306885,0.18999999761581421,4.880000114440918,50,3,280,741,2173
7007744171,2016-04-16,4631,3.0999999046325684,0,0,3.0999999046325684,0,0,203,1155,2076
7086361926,2016-04-16,31,9.9999997764825821E-3,0,0,9.9999997764825821E-3,0,0,3,1437,1635
8053475328,2016-04-16,14549,11.109999656677246,9.3599996566772461,0.27000001072883606,1.4900000095367432,96,6,83,1255,2867
8253242879,2016-04-16,9256,6.1399998664855957,0.43000000715255737,3.2699999809265137,2.4500000476837158,6,51,115,1268,1880
8378563200,2016-04-16,11207,8.8900003433227539,5.369999885559082,1.0700000524520874,2.440000057220459,64,21,142,563,3363
8583815059,2016-04-16,5319,4.1500000953674316,0,0,0,0,0,0,1440,2693
8792009665,2016-04-16,244,0.15999999642372131,0,0,0.15999999642372131,0,0,12,1428,1721
8877689391,2016-04-16,29326,25.290000915527344,13.239999771118164,1.2100000381469727,10.710000038146973,94,29,429,888,4547
1503960366,2016-04-15,9762,6.2800002098083496,2.1400001049041748,1.2599999904632568,2.8299999237060547,29,34,209,726,1745
1624580081,2016-04-15,1510,0.98000001907348633,0,0,0.97000002861022949,0,0,96,1344,1344
1644430081,2016-04-15,5263,3.8299999237060547,0.2199999988079071,0.15000000596046448,3.4500000476837158,3,4,170,1263,2750
1844505072,2016-04-15,3844,2.5399999618530273,0,0,2.5399999618530273,0,0,176,527,1725
1927972279,2016-04-15,980,0.68000000715255737,0,0,0.68000000715255737,0,0,51,941,2221
2022484408,2016-04-15,11034,8.0299997329711914,1.940000057220459,0.31000000238418579,5.7800002098083496,27,9,282,1122,2525
2026352035,2016-04-15,3821,2.369999885559082,0,0,2.369999885559082,0,0,188,687,1444
2320127002,2016-04-15,5205,3.5099999904632568,0,0,3.5099999904632568,0,0,245,1195,1801
2347167796,2016-04-15,10465,6.9200000762939453,7.0000000298023224E-2,1.4199999570846558,5.429999828338623,1,24,284,720,2133
2873212765,2016-04-15,8482,5.6999998092651367,0,0,5.690000057220459,0,0,448,992,2063
3372868164,2016-04-15,7451,5.0799999237060547,0,0,5.059999942779541,0,0,335,1105,1908
3977333714,2016-04-15,9010,6.059999942779541,1.0499999523162842,1.75,3.2599999904632568,15,42,183,644,1468
4020332650,2016-04-15,1882,1.3500000238418579,0.20999999344348907,0.36000001430511475,0.76999998092651367,36,18,87,1299,2951
4057192912,2016-04-15,3984,2.9500000476837158,0.20999999344348907,0.25999999046325684,2.440000057220459,3,6,88,873,1527
4319703577,2016-04-15,5664,3.7999999523162842,0,0,3.7999999523162842,0,0,228,752,1985
4388161847,2016-04-15,8758,6.7300000190734863,0,0,6.7300000190734863,0,0,299,837,3066
4445114986,2016-04-15,7198,4.8299999237060547,0,0,4.8299999237060547,0,0,350,711,2496
4558609924,2016-04-15,7795,5.1500000953674316,0.5899999737739563,0.8399999737739563,3.7300000190734863,17,30,262,1131,2121
4702921684,2016-04-15,6506,5.2800002098083496,7.0000000298023224E-2,0.41999998688697815,4.7899999618530273,1,8,256,944,2896
5553957443,2016-04-15,16556,10.859999656677246,4.1599998474121094,1.9800000190734863,4.7100000381469727,58,38,239,689,2254
5577150313,2016-04-15,12087,9.0799999237060547,3.9200000762939453,1.6000000238418579,3.559999942779541,115,54,199,695,4005
6117666160,2016-04-15,14019,10.590000152587891,0,0.2800000011920929,10.300000190734863,0,6,513,921,2865
6290855005,2016-04-15,9501,7.179999828338623,0,0,7.1700000762939453,0,0,328,1112,2896
6775888955,2016-04-15,1282,0.92000001668930054,0,0,0.92000001668930054,0,0,58,976,2127
6962181067,2016-04-15,5563,3.6800000667572021,0,0,3.6800000667572021,0,0,217,837,1756
7007744171,2016-04-15,5273,3.5299999713897705,0,0,3.5299999713897705,0,0,202,1238,2098
7086361926,2016-04-15,8585,5.6700000762939453,2.0399999618530273,1.1100000143051147,2.5299999713897705,30,21,139,864,2395
8053475328,2016-04-15,20669,16.239999771118164,13.260000228881836,0.38999998569488525,2.5899999141693115,132,8,158,1142,3410
8253242879,2016-04-15,2672,1.7699999809265137,0,0,1.7599999904632568,0,0,105,1335,1632
8378563200,2016-04-15,14461,11.470000267028809,4.9099998474121094,1.1499999761581421,5.4099998474121094,60,23,190,729,3666
8583815059,2016-04-15,3430,2.6800000667572021,0,0,0.89999997615814209,0,0,65,1375,2505
8792009665,2016-04-15,2483,1.5900000333786011,0,0,1.5900000333786011,0,0,126,937,2009
8877689391,2016-04-15,13422,7.1700000762939453,0.05000000074505806,0.05000000074505806,7.0100002288818359,106,1,281,1052,3934
1503960366,2016-04-14,10460,6.7399997711181641,2.440000057220459,0.40000000596046448,3.9100000858306885,30,11,181,1218,1776
1624580081,2016-04-14,9107,5.9200000762939453,0,0,5.9099998474121094,0,0,236,1204,1572
1644430081,2016-04-14,11037,8.0200004577636719,0.36000001430511475,2.559999942779541,5.0999999046325684,5,58,252,1125,3226
1844505072,2016-04-14,7937,5.25,0,0,5.2300000190734863,0,0,373,843,2130
1927972279,2016-04-14,2163,1.5,0,0.40000000596046448,1.1000000238418579,0,9,88,1292,2383
2022484408,2016-04-14,10690,7.5,2.4800000190734863,0.20999999344348907,4.820000171661377,32,3,257,1148,2312
2026352035,2016-04-14,3335,2.0699999332427979,0,0,2.0499999523162842,0,0,197,653,1431
2320127002,2016-04-14,3973,2.6800000667572021,0,0,2.6800000667572021,0,0,191,1249,1696
2347167796,2016-04-14,10129,6.6999998092651367,1.9999999552965164E-2,2.7400000095367432,3.940000057220459,1,48,206,705,2010
2873212765,2016-04-14,7910,5.320000171661377,0,0,5.320000171661377,0,0,331,1109,1893
3372868164,2016-04-14,8844,6.0300002098083496,0.34000000357627869,1.0299999713897705,4.6500000953674316,6,25,370,1039,2065
3977333714,2016-04-14,7641,5.1100001335144043,0.31999999284744263,0.97000002861022949,3.8199999332427979,5,23,214,801,1433
4020332650,2016-04-14,108,7.9999998211860657E-2,0,0,2.9999999329447746E-2,0,0,3,1437,2011
4057192912,2016-04-14,0,0,0,0,0,0,0,0,1440,1776
4319703577,2016-04-14,10210,6.880000114440918,0.10999999940395355,0.33000001311302185,6.440000057220459,1,9,339,589,2302
4388161847,2016-04-14,8863,6.820000171661377,0.12999999523162842,1.0700000524520874,5.619999885559082,10,35,219,945,2998
4445114986,2016-04-14,3974,2.6700000762939453,0,0,2.6700000762939453,0,0,231,717,2194
4558609924,2016-04-14,6799,4.4899997711181641,0,0,4.4899997711181641,0,0,279,1161,1922
4702921684,2016-04-14,7860,6.369999885559082,0,0,6.369999885559082,0,0,271,772,2984
5553957443,2016-04-14,17022,11.119999885559082,4,2.4500000476837158,4.6700000762939453,61,41,256,693,2324
5577150313,2016-04-14,8596,6.4200000762939453,3.3299999237060547,0.31000000238418579,2.7799999713897705,118,30,176,662,4022
6117666160,2016-04-14,0,0,0,0,0,0,0,0,1440,1496
6290855005,2016-04-14,7671,5.8000001907348633,0,0,5.7699999809265137,0,0,363,1077,2952
6775888955,2016-04-14,5162,3.7000000476837158,0.87000000476837158,0.86000001430511475,1.9700000286102295,14,24,105,863,2507
6962181067,2016-04-14,1551,1.0299999713897705,0,0,1.0299999713897705,0,0,86,862,1466
7007744171,2016-04-14,11179,8.2399997711181641,2.9500000476837158,0.34000000357627869,4.9600000381469727,34,6,304,1096,2668
7086361926,2016-04-14,9123,6.119999885559082,2.0299999713897705,0.33000001311302185,3.6600000858306885,35,32,189,787,2734
8053475328,2016-04-14,20159,15.970000267028809,12.340000152587891,0.20999999344348907,3.3599998950958252,119,5,193,1123,3411
8253242879,2016-04-14,5234,3.4600000381469727,1.9299999475479126,0.99000000953674316,0.54000002145767212,29,16,33,1362,1705
8378563200,2016-04-14,13318,10.560000419616699,5.619999885559082,1.0299999713897705,3.9100000858306885,123,21,174,699,4163
8583815059,2016-04-14,3135,2.4500000476837158,0,0,2.4300000667572021,0,0,134,1306,2443
8792009665,2016-04-14,1219,0.77999997138977051,0,0,0.77999997138977051,0,0,84,853,1963
8877689391,2016-04-14,21129,18.979999542236328,10.550000190734863,0.5899999737739563,7.75,68,13,298,1061,3793
1503960366,2016-04-13,10735,6.9699997901916504,1.5700000524520874,0.68999999761581421,4.7100000381469727,21,19,217,776,1797
1624580081,2016-04-13,7007,4.5500001907348633,0,0,4.5500001907348633,0,0,148,1292,1411
1644430081,2016-04-13,8001,5.820000171661377,2.2799999713897705,0.89999997615814209,2.6400001049041748,30,16,135,1259,2902
1844505072,2016-04-13,4929,3.2599999904632568,0,0,3.2599999904632568,0,0,248,1192,1860
1927972279,2016-04-13,356,0.25,0,0,0.25,0,0,32,986,2151
2022484408,2016-04-13,12024,8.5,2.9900000095367432,0.10000000149011612,5.4099998474121094,43,5,292,1100,2601
2026352035,2016-04-13,4993,3.0999999046325684,0,0,3.0999999046325684,0,0,238,663,1521
2320127002,2016-04-13,7275,4.9000000953674316,0,0,4.9000000953674316,0,0,335,1105,2003
2347167796,2016-04-13,10352,7.0100002288818359,1.6599999666213989,1.940000057220459,3.4100000858306885,19,32,195,676,2038
2873212765,2016-04-13,7618,5.119999885559082,0,0.2199999988079071,4.880000114440918,0,8,404,1028,2004
3372868164,2016-04-13,9715,6.630000114440918,0.99000000953674316,0.34000000357627869,5.2699999809265137,16,8,371,1045,2093
3977333714,2016-04-13,10035,6.7100000381469727,2.0299999713897705,2.130000114440918,2.5499999523162842,31,46,153,754,1495
4020332650,2016-04-13,0,0,0,0,0,0,0,0,1440,1981
4057192912,2016-04-13,5974,4.4699997901916504,0,0,4.369999885559082,0,0,160,1280,2306
4319703577,2016-04-13,8204,5.5,0.52999997138977051,0.5899999737739563,1.309999942779541,8,15,96,1234,2135
4388161847,2016-04-13,10993,8.4499998092651367,5.9999998658895493E-2,0.62999999523162842,3.880000114440918,1,14,150,1275,3092
4445114986,2016-04-13,2961,1.9900000095367432,0,0,1.9900000095367432,0,0,194,840,2095
4558609924,2016-04-13,4978,3.2899999618530273,1.2400000095367432,0.43999999761581421,1.6100000143051147,19,7,127,1287,1722
4702921684,2016-04-13,6877,5.5799999237060547,0,0,5.5799999237060547,0,0,258,777,2898
5553957443,2016-04-13,4832,3.1600000858306885,0,0,3.1600000858306885,0,0,226,647,1718
5577150313,2016-04-13,5077,3.7899999618530273,0.31999999284744263,0.2199999988079071,3.25,15,11,144,776,2551
6117666160,2016-04-13,0,0,0,0,0,0,0,0,1440,1496
6290855005,2016-04-13,7142,5.4000000953674316,0,0,5.3899998664855957,0,0,350,1090,2905
6775888955,2016-04-13,4053,2.9100000858306885,1.1100000143051147,0.57999998331069946,1.2200000286102295,17,18,85,1053,2400
6962181067,2016-04-13,5652,3.7400000095367432,0.56999999284744263,1.2100000381469727,1.9600000381469727,8,24,142,548,1718
7007744171,2016-04-13,12862,9.6499996185302734,4.6100001335144043,0.56000000238418579,4.4800000190734863,56,22,261,1101,2742
7086361926,2016-04-13,5813,3.619999885559082,0.56000000238418579,0.20999999344348907,2.8399999141693115,31,26,155,744,2516
8053475328,2016-04-13,16433,13.350000381469727,10.430000305175781,0.4699999988079071,2.4500000476837158,95,12,156,1177,3140
8253242879,2016-04-13,8053,6.0999999046325684,4.1700000762939453,0.62999999523162842,1.309999942779541,35,11,96,1298,1935
8378563200,2016-04-13,12386,9.8199996948242188,4.9600000381469727,0.64999997615814209,4.2100000381469727,116,14,169,680,4079
8583815059,2016-04-13,5571,4.3499999046325684,0.15000000596046448,0.97000002861022949,3.2300000190734863,2,23,163,1252,2654
8792009665,2016-04-13,1320,0.8399999737739563,0,0,0.8399999737739563,0,0,82,806,1934
8877689391,2016-04-13,15337,9.5799999237060547,3.5499999523162842,0.37999999523162842,5.6399998664855957,108,18,216,1098,3566
1503960366,2016-04-12,13162,8.5,1.8799999952316284,0.55000001192092896,6.059999942779541,25,13,328,728,1985
1624580081,2016-04-12,8163,5.309999942779541,0,0,5.309999942779541,0,0,146,1294,1432
1644430081,2016-04-12,10694,7.7699999809265137,0.14000000059604645,2.2999999523162842,5.3299999237060547,2,51,256,1131,3199
1844505072,2016-04-12,6697,4.429999828338623,0,0,4.429999828338623,0,0,339,1101,2030
1927972279,2016-04-12,678,0.4699999988079071,0,0,0.4699999988079071,0,0,55,734,2220
2022484408,2016-04-12,11875,8.3400001525878906,3.309999942779541,0.76999998092651367,4.2600002288818359,42,14,227,1157,2390
2026352035,2016-04-12,4414,2.7400000095367432,0.18999999761581421,0.34999999403953552,2.2000000476837158,3,8,181,706,1459
2320127002,2016-04-12,10725,7.4899997711181641,1.1699999570846558,0.31000000238418579,6.0100002288818359,13,9,306,1112,2124
2347167796,2016-04-12,10113,6.8299999237060547,2,0.62000000476837158,4.1999998092651367,28,13,320,964,2344
2873212765,2016-04-12,8796,5.9099998474121094,0.10999999940395355,0.93000000715255737,4.880000114440918,2,21,356,1061,1982
3372868164,2016-04-12,4747,3.2400000095367432,0,0,3.2300000190734863,0,0,280,1160,1788
3977333714,2016-04-12,8856,5.9800000190734863,3.059999942779541,0.9100000262260437,2.0099999904632568,44,19,131,777,1450
4020332650,2016-04-12,8539,6.119999885559082,0.15000000596046448,0.23999999463558197,5.679999828338623,4,15,331,712,3654
4057192912,2016-04-12,5394,4.0300002098083496,0,0,3.940000057220459,0,0,164,1276,2286
4319703577,2016-04-12,7753,5.1999998092651367,0,0,0,0,0,0,1440,2115
4388161847,2016-04-12,10122,7.7800002098083496,0,0,0,0,0,0,1440,2955
4445114986,2016-04-12,3276,2.2000000476837158,0,0,2.2000000476837158,0,0,196,787,2113
4558609924,2016-04-12,5135,3.3900001049041748,0,0,3.3900001049041748,0,0,318,1122,1909
4702921684,2016-04-12,7213,5.880000114440918,0,0,5.8499999046325684,0,0,263,718,2947
5553957443,2016-04-12,11596,7.570000171661377,1.3700000047683716,0.79000002145767212,5.4099998474121094,19,13,277,767,2026
5577150313,2016-04-12,8135,6.0799999237060547,3.5999999046325684,0.37999999523162842,2.0999999046325684,86,16,140,728,3405
6117666160,2016-04-12,0,0,0,0,0,0,0,0,1440,1496
6290855005,2016-04-12,4562,3.4500000476837158,0,0,3.4500000476837158,0,0,199,1241,2560
6775888955,2016-04-12,0,0,0,0,0,0,0,0,1440,1841
6962181067,2016-04-12,10199,6.7399997711181641,3.4000000953674316,0.82999998331069946,2.5099999904632568,50,14,189,796,1994
7007744171,2016-04-12,14172,10.289999961853027,4.5,0.37999999523162842,5.4099998474121094,53,8,355,1024,2937
7086361926,2016-04-12,11317,8.4099998474121094,5.2699999809265137,0.15000000596046448,2.9700000286102295,59,6,153,745,2772
8053475328,2016-04-12,18060,14.119999885559082,11.640000343322754,0.38999998569488525,2.0999999046325684,116,8,123,1193,3186
8253242879,2016-04-12,9033,7.1599998474121094,5.429999828338623,0.14000000059604645,1.5900000333786011,40,2,154,1244,2044
8378563200,2016-04-12,7626,6.0500001907348633,0.82999998331069946,0.70999997854232788,4.5,65,15,156,723,3635
8583815059,2016-04-12,5014,3.9100000858306885,0,0.33000001311302185,3.5799999237060547,0,7,196,1237,2650
8792009665,2016-04-12,2564,1.6399999856948853,0,0,1.6399999856948853,0,0,116,831,2044
8877689391,2016-04-12,23186,20.399999618530273,12.220000267028809,0.34000000357627869,7.820000171661377,85,7,312,1036,3921
